a (x1),b (x2),y1,y2,y3,y4
0.087394357,0.05772593,0,0,0,1
0.00020004,0.163723345,0,0,0,1
0.047682306,0.473689576,0,0,0,1
-0.004269713,0.148601611,0,0,0,1
0.020247473,0.449541739,0,0,0,1
0.0010002,0.158861471,0,0,0,1
-0.049464809,0.726089109,0,0,0,1
0.00140028,0.588674692,0,0,0,1
0.063487952,0.143619585,0,0,0,1
0.00180036,0.187845075,0,0,0,1
0.0020004,0.596948812,0,0,0,1
-0.07433621,0.332797451,0,0,0,1
-0.104907722,0.365464866,0,0,0,1
0.00260052,0.649093646,0,0,0,1
0.038658681,0.08255288,0,0,0,1
0.0030006,0.601557102,0,0,0,1
0.120792492,0.018060432,0,0,1,0
-0.046355921,0.75582188,0,0,0,1
0.019838419,0.483940949,0,0,0,1
-0.118409299,0.339452225,0,0,0,1
-0.12175889,0.810611138,0,0,0,1
0.144838009,0.3566973,0,0,0,1
-0.070668602,0.344495195,0,0,0,1
0.046460908,0.539499993,0,0,0,1
-0.040099019,0.154916741,0,0,0,1
0.096542336,0.557185396,0,0,0,1
-0.02230813,0.013327857,0,0,1,0
0.00540108,0.78301805,0,0,0,1
0.038967732,0.90105379,0,0,0,1
-0.160809319,0.093591745,0,0,1,0
0.0060012,0.287777553,0,0,0,1
0.137050721,0.586333054,0,0,0,1
0.00640128,0.40032865,0,0,0,1
0.023391643,0.093026022,0,0,1,0
0.00680136,0.228092408,0,0,0,1
0.011630946,0.338318854,0,0,0,1
-0.100492004,0.864691307,0,0,0,1
0.00740148,0.494289836,0,0,0,1
-0.073071809,0.900055004,0,0,0,1
0.00780156,0.386253341,0,0,0,1
-0.038701307,0.484313363,0,0,0,1
0.011634899,0.974998047,0,0,0,1
0.00840168,0.348199944,0,0,0,1
0.00860172,0.559040493,0,0,0,1
-0.106209787,0.108908143,0,0,1,0
0.062719732,0.356661006,0,0,0,1
0.087352691,0.700822683,0,0,0,1
0.111836564,0.708106432,0,0,0,1
0.00960192,0.304898979,0,0,0,1
-0.038929876,0.90346129,0,0,0,1
0.046509,0.496039864,0,0,0,1
0.01020204,0.072515584,0,0,1,0
0.01040208,0.081629488,0,0,1,0
0.120997528,0.841012302,0,0,0,1
-0.067028681,0.00526805,0,0,1,0
-0.020960247,1.0052135,0,0,0,1
0.064352395,0.472001082,0,0,0,1
0.107228834,0.564548872,0,0,0,1
-0.058054515,0.608926034,0,0,0,1
0.170851411,0.646395805,0,0,0,1
0.075044841,0.677196993,0,0,0,1
0.01220244,0.469133394,0,0,0,1
0.124392965,0.036993179,0,0,1,0
-0.112413345,0.654477576,0,0,0,1
-0.12205293,0.45443727,0,0,0,1
0.042393225,0.940863728,0,0,0,1
0.064979151,0.677931192,0,0,0,1
0.013402681,0.662467386,0,0,0,1
-0.110169393,0.109408324,0,0,1,0
-0.051656332,0.41674085,0,0,0,1
-0.141942413,0.80821229,0,0,0,1
0.150800819,0.584711815,0,0,0,1
0.155098629,0.312011933,0,0,0,1
0.014602921,0.213677155,0,0,0,1
0.014802961,0.712861994,0,0,0,1
0.015003001,0.671192998,0,0,0,1
-0.049922037,0.05905371,0,0,1,0
0.12750064,0.734900117,0,0,0,1
0.015603121,0.241178334,0,0,0,1
0.026149192,0.268577866,0,0,0,1
0.060113361,0.37985391,0,0,0,1
-0.003723261,0.411269543,0,0,0,1
-0.088636248,0.930709654,0,0,0,1
-0.110326318,0.32330106,0,0,0,1
-0.018568063,0.260574404,0,0,0,1
-0.151192846,0.682770568,0,0,0,1
0.017203441,0.545116983,0,0,0,1
-0.083854814,1.025641836,0,0,0,1
-0.021807835,0.68705914,0,0,0,1
-0.046370947,0.835799289,0,0,0,1
0.018003601,0.437224543,0,0,0,1
0.119492109,0.56769977,0,0,0,1
0.128647569,0.326626633,0,0,0,1
0.018603721,0.648761648,0,0,0,1
0.018803761,0.436174223,0,0,0,1
-0.069673242,0.318503146,0,0,0,1
0.019203841,0.030845493,0,0,1,0
-0.002038103,0.306053028,0,0,0,1
-0.126820835,0.58402929,0,0,0,1
0.037724776,0.254177596,0,0,0,1
0.174451008,0.348394076,0,0,0,1
0.130108067,0.000396763,0,0,1,0
0.144122297,0.770811331,0,0,0,1
0.184885964,0.121912722,0,0,1,0
0.020804161,0.23656173,0,0,0,1
0.044229156,0.280968825,0,0,0,1
0.165324557,0.574546206,0,0,0,1
0.16696231,0.702839216,0,0,0,1
0.021604321,0.179847767,0,0,1,0
0.024310641,0.361938358,0,0,0,1
0.022004401,0.07080282,0,0,1,0
0.022204441,0.54425479,0,0,0,1
0.022404481,0.434214171,0,0,0,1
-0.029182478,0.154657515,0,0,1,0
-0.105369084,0.699054988,0,0,0,1
0.092419087,0.708054276,0,0,0,1
-0.039482949,0.422869945,0,0,0,1
-0.063772671,1.079453404,0,0,0,1
-0.110444891,0.620480255,0,1,0,0
-0.015364817,0.552544311,0,0,0,1
0.024004801,0.563867333,0,0,0,1
0.11585615,0.812494916,0,0,0,1
0.137969357,0.781791124,0,0,0,1
0.150653698,0.554820197,0,0,0,1
0.160877959,0.332237732,0,0,0,1
0.006883961,0.829287434,0,0,0,1
0.056372817,0.230043778,0,0,0,1
-0.119999096,0.280926818,0,0,0,1
-0.076238504,0.896939533,0,0,0,1
0.025805161,0.798586646,0,0,0,1
-0.066355339,0.795601927,0,0,0,1
0.026205241,0.248892835,0,0,0,1
0.026405281,0.26567806,0,0,0,1
-0.055709952,0.241684068,0,0,1,0
0.173476165,0.582445855,0,1,0,0
-0.046764113,0.959700567,0,0,0,1
-0.016547179,0.865090687,0,0,0,1
0.034470249,0.989680215,0,0,0,1
0.148070911,0.668582466,0,0,0,1
0.082222825,0.176495015,0,0,1,0
-0.025877445,0.460634304,0,0,0,1
0.012498479,0.184724853,0,0,1,0
0.028405681,0.288233405,0,0,0,1
0.025793745,0.98239555,0,0,0,1
0.073718792,0.003520363,0,0,1,0
0.147165652,0.784234165,0,0,0,1
0.159214732,0.761173569,0,0,0,1
0.079310752,0.049221044,0,0,1,0
0.002458817,0.054664342,0,0,1,0
0.121904259,0.538699996,0,0,0,1
0.171144364,0.551238373,0,0,0,1
0.030206041,0.013727035,0,0,1,0
0.030406081,0.489746584,0,0,0,1
0.031677235,0.68814965,0,1,0,0
0.173670698,0.3161757,0,0,0,1
0.14395853,0.798573506,0,0,0,1
-0.058642481,0.367273681,0,0,0,1
0.031406281,0.123692371,0,0,1,0
0.162424893,0.531839128,0,0,0,1
0.073640452,0.859928502,0,0,0,1
0.032006401,0.976592034,0,0,0,1
0.135229935,0.832747618,0,0,0,1
0.064350207,0.286816275,0,0,0,1
0.032606521,0.93876948,0,0,0,1
-0.099281904,0.080338843,0,0,1,0
-0.08493038,0.409376907,0,0,0,1
0.109634687,0.358583414,0,0,0,1
0.116076542,0.540608032,0,0,0,1
0.133946081,0.874282048,0,0,0,1
0.033806761,0.199814752,0,0,1,0
-0.09955818,0.579415717,0,1,0,0
0.084421282,0.290341798,0,0,0,1
0.034406881,0.606400276,0,1,0,0
0.100195529,0.178645672,0,0,1,0
0.034806961,0.309650637,0,0,0,1
0.161330032,0.650379603,0,1,0,0
0.035207041,0.704949322,0,1,0,0
0.035407081,0.179512986,0,0,1,0
0.035607121,0.852089035,0,0,0,1
-0.063029989,0.756711069,0,0,0,1
0.0941341,0.245119218,0,0,1,0
-0.122524826,0.28030102,0,0,1,0
0.165223068,0.680971813,0,1,0,0
0.1048907,0.802688348,0,0,0,1
-0.11443473,0.372558335,0,0,0,1
0.061314412,0.493182873,0,0,0,1
0.174238758,0.03653987,0,0,1,0
0.049214323,0.298008072,0,0,0,1
0.140568594,0.143060139,0,0,1,0
0.009155932,0.947262276,0,0,0,1
0.038007602,0.625072386,0,1,0,0
-0.058762541,0.412874644,0,0,0,1
0.00658913,0.996766341,0,0,0,1
0.027558832,0.504568651,0,1,0,0
-0.080613403,0.913806573,0,0,0,1
0.092053956,0.624402299,0,1,0,0
0.039207842,0.602170839,0,1,0,0
0.039407882,0.525609041,0,1,0,0
0.039607922,0.06306671,0,0,1,0
-0.049498214,0.081082435,0,0,1,0
0.172158125,0.68200499,0,1,0,0
0.187142858,0.662697253,0,1,0,0
0.040408082,0.495799399,0,0,0,1
0.040608122,0.266970662,0,0,1,0
0.040808162,0.473293127,0,0,0,1
0.164512234,0.104190192,0,0,1,0
0.041208242,0.256711079,0,0,1,0
0.043096409,0.88448044,0,0,0,1
-0.009114737,0.803028816,0,0,0,1
0.055624892,0.203876802,0,0,1,0
0.042008402,0.994024336,0,0,0,1
0.159218474,0.341924318,0,0,0,1
0.042408482,0.583158669,0,1,0,0
-0.066550989,0.793704396,0,0,0,1
0.091995361,0.734826724,0,0,0,1
-0.025384094,0.003313534,0,0,1,0
0.043208642,0.948158963,0,0,0,1
0.109551402,0.695279338,0,1,0,0
0.018795849,1.001254225,0,0,0,1
0.132588799,0.780418544,0,0,0,1
0.045686392,0.64250166,0,1,0,0
0.129484516,0.006319143,0,0,1,0
0.123459698,0.507316612,0,0,0,1
0.207946437,0.017664715,0,0,1,0
0.044808962,0.198821495,0,0,1,0
0.045009002,0.158062529,0,0,1,0
0.128089734,0.058786384,0,0,1,0
0.043126524,0.688748317,0,1,0,0
0.079018014,0.883953586,0,0,0,1
0.125724728,0.726277902,0,0,0,1
-0.090901578,0.166425991,0,0,1,0
-0.064986733,0.630447497,0,1,0,0
0.046409282,0.160263858,0,0,1,0
0.210899013,0.597832306,0,1,0,0
0.118312085,0.093953479,0,0,1,0
0.047009402,0.304678767,0,0,0,1
-0.098623353,0.787761925,0,1,0,0
0.104002576,0.736348382,0,0,0,1
-0.042064469,0.023171148,0,0,1,0
-0.051352633,0.610412478,0,1,0,0
0.048009602,0.428013954,0,0,0,1
0.200384322,0.648980132,0,1,0,0
0.186693178,0.1283206,0,0,1,0
-0.071438129,0.882259076,0,0,0,1
0.030601054,0.41319098,0,0,0,1
0.049009802,0.771517738,0,0,0,1
0.188691674,0.574414502,0,1,0,0
0.049409882,0.406272718,0,0,0,1
0.145061058,0.73593269,0,0,0,1
-0.061698144,0.179430882,0,0,1,0
0.050010002,0.354354601,0,0,0,1
0.025384399,0.90470294,0,0,0,1
0.064947345,0.138845226,0,0,1,0
0.202615713,0.12618473,0,0,1,0
0.017063925,0.978030825,0,0,0,1
-0.054871081,0.03508098,0,0,1,0
0.034669726,0.381263537,0,0,0,1
0.064213724,0.865810473,0,0,0,1
0.076550978,0.017992618,0,0,1,0
0.033253309,0.845486556,0,0,0,1
-0.001282778,0.407861516,0,0,0,1
0.012588027,0.352274967,0,0,0,1
0.052410482,0.791720462,0,0,0,1
0.174730555,0.353588775,0,0,0,1
0.200636544,0.546383586,0,1,0,0
0.053010602,0.099934892,0,0,1,0
0.115730107,0.854782107,0,0,0,1
0.096024039,0.943785443,0,0,0,1
-0.043226119,0.510244601,0,1,0,0
0.028924663,0.977219612,0,0,0,1
0.028271718,0.433254219,0,0,0,1
0.054210842,0.035470574,0,0,1,0
0.032648403,0.079541617,0,0,1,0
0.054610922,0.091501759,0,0,1,0
0.054810962,0.444085732,0,0,0,1
0.00242073,0.593627289,0,1,0,0
0.055211042,0.263872604,1,0,0,0
-0.038728435,1.067107283,0,0,0,1
0.055611122,0.349221023,1,0,0,0
0.098759192,0.308256448,1,0,0,0
-0.072479689,0.49641909,0,1,0,0
0.152509052,0.767788763,0,0,0,1
0.147081369,0.621765083,0,1,0,0
0.056611322,0.122436178,0,0,1,0
0.021787886,0.137802848,0,0,1,0
0.18765201,0.720865299,0,0,0,1
0.036785445,0.958055338,0,0,0,1
0.039204444,0.321880721,1,0,0,0
0.123127321,0.557923082,0,1,0,0
0.146733294,0.241924304,0,0,1,0
0.133813223,0.068537923,0,0,1,0
0.058211642,0.374335806,0,0,0,1
0.046147145,0.873303436,0,0,0,1
0.060833413,0.173200439,0,0,1,0
0.058811762,0.368170444,0,0,0,1
0.103635247,0.73212458,0,1,0,0
-0.026982013,0.768382932,0,1,0,0
-0.06544299,0.008761636,0,0,1,0
0.059611922,0.706133938,0,1,0,0
0.053595903,0.332542999,1,0,0,0
-0.0590693,0.475055882,0,1,0,0
0.060212042,0.605459929,0,1,0,0
0.026413842,0.463791492,0,1,0,0
0.215966467,0.334222684,0,0,0,1
0.146609918,0.792429881,0,0,0,1
0.061012202,0.944753675,0,0,0,1
-0.016160011,0.40037166,0,0,0,1
0.018714475,0.136285161,0,0,1,0
0.177140949,0.349593486,0,0,0,1
-0.060761778,0.675984243,0,1,0,0
0.062012402,0.573856721,0,1,0,0
-0.026281869,0.443837093,0,1,0,0
0.062412482,0.139798464,0,0,1,0
0.205394971,0.239904329,0,0,1,0
0.204478403,0.592213373,0,1,0,0
0.063012603,0.084956229,0,0,1,0
0.063212643,0.963033004,0,0,0,1
-0.014552458,0.908659892,0,0,0,1
0.115468863,0.863063789,0,0,0,1
0.063812763,0.949203492,0,0,0,1
0.004742438,0.377121171,1,0,0,0
-0.075819783,0.059199072,0,0,1,0
-0.066510669,0.472261622,0,1,0,0
0.064612923,0.20019298,0,0,1,0
0.064812963,0.770588271,0,1,0,0
0.076172358,0.668318379,0,1,0,0
0.097044027,0.457773398,0,0,0,1
0.199958275,0.644973772,0,1,0,0
-0.036516016,0.684079971,0,1,0,0
-0.074406722,0.769185894,0,1,0,0
0.095462404,0.57883929,0,1,0,0
0.066213243,0.098548981,0,0,1,0
0.066413283,0.187652272,0,0,1,0
0.081156801,0.3352489,1,0,0,0
0.081444549,0.930455689,0,0,0,1
0.067013403,0.900296496,0,0,0,1
0.067213443,0.259217227,1,0,0,0
0.067413483,0.193675033,0,0,1,0
-0.034352562,0.505972182,0,1,0,0
-0.093780613,0.517131886,0,1,0,0
-0.101933448,0.619718597,0,1,0,0
-0.079083778,0.076752034,0,0,1,0
0.068413683,0.518081425,0,1,0,0
0.148922025,0.508951895,0,1,0,0
0.075652203,0.168027254,0,0,1,0
0.069013803,0.519497421,0,1,0,0
0.035756966,0.74517116,0,1,0,0
0.069413883,0.400079948,0,0,0,1
0.120264243,0.338471441,1,0,0,0
0.111437754,0.453068211,0,0,0,1
0.208922553,0.238570106,0,0,1,0
0.020540927,0.353568146,1,0,0,0
0.169448172,0.796622191,0,0,0,1
0.023244883,0.373110944,1,0,0,0
-0.067545821,0.05823998,0,0,1,0
0.071014203,0.474076112,0,1,0,0
0.071214243,0.158536782,0,0,1,0
-0.049139599,0.169540616,1,0,0,0
0.071614323,0.699428981,0,1,0,0
0.153035995,0.884048423,0,0,0,1
0.072014403,0.554474279,0,1,0,0
-0.000351016,0.540971723,0,1,0,0
0.219018185,0.300930233,1,0,0,0
0.072614523,0.340437244,1,0,0,0
0.190733131,0.743322988,0,0,0,1
0.185034782,0.627600935,0,1,0,0
-0.013673555,0.101420277,0,0,1,0
0.146889534,0.507596168,0,1,0,0
0.018820987,0.028218801,0,0,1,0
0.11911876,0.023860811,0,0,1,0
0.055920182,0.27131233,1,0,0,0
-0.080828777,0.723484696,0,1,0,0
0.080623986,0.254330412,1,0,0,0
0.074614923,0.469084043,0,1,0,0
-0.036545535,0.679885267,0,1,0,0
-0.045037202,0.923035092,0,0,0,1
0.006735313,0.603395383,0,1,0,0
0.14837996,0.521437468,0,1,0,0
0.148277949,0.299605392,1,0,0,0
0.075815163,0.732969783,0,1,0,0
0.08210871,0.444051621,0,1,0,0
0.036137885,0.838988817,0,0,0,1
0.178154771,0.269794775,1,0,0,0
-0.006077626,0.361921131,1,0,0,0
0.076815363,0.515049418,0,1,0,0
0.077015403,0.283270226,1,0,0,0
0.043763413,0.971248631,0,0,0,1
0.219056678,0.292037053,1,0,0,0
0.077615523,0.905543705,0,0,0,1
0.07398164,0.714547609,0,1,0,0
0.195416875,0.759372417,0,0,0,1
-0.082509893,0.476509439,0,1,0,0
0.116354432,0.360164007,1,0,0,0
0.078615723,0.048783043,0,0,1,0
0.051560525,0.264036776,1,0,0,0
0.167002217,0.833205997,0,0,0,1
0.079215843,0.786890123,0,1,0,0
0.079415883,0.447486932,0,1,0,0
-0.08867833,0.296102261,1,0,0,0
0.145441434,0.870102671,0,0,0,1
-0.063970392,0.363808809,1,0,0,0
-0.049646483,0.014398108,0,0,1,0
0.080416083,0.865054287,0,0,0,1
0.066363435,0.045769183,0,0,1,0
-0.037010328,0.226418564,1,0,0,0
0.201480888,0.021771759,0,0,1,0
0.026900168,0.272533982,1,0,0,0
0.081416283,0.258997445,1,0,0,0
0.002503202,0.458280884,0,1,0,0
0.026905153,0.898784449,0,0,0,1
0.079862211,0.794174112,0,1,0,0
0.082216443,0.608033441,0,1,0,0
0.082416483,0.518615655,0,1,0,0
0.064498231,0.651618133,0,1,0,0
-0.031349192,1.057450497,0,0,0,1
0.096069366,0.016012754,0,0,1,0
0.189031514,0.732652573,0,1,0,0
0.157763139,0.563952112,0,1,0,0
0.082128038,0.322196866,1,0,0,0
0.004609357,0.01458599,0,0,1,0
0.084016803,0.927326553,0,0,0,1
0.092167374,0.941181661,0,0,0,1
0.14776306,0.827649238,0,0,0,1
0.084616923,0.882899944,0,0,0,1
0.1517487,0.814384116,0,0,0,1
-0.057688138,0.794623415,0,1,0,0
0.112630445,0.660520047,0,1,0,0
-0.009103434,0.111531543,0,0,1,0
0.212836243,0.292296645,1,0,0,0
0.074313326,0.049819514,0,0,1,0
0.017720561,0.979325699,0,0,0,1
0.056809407,0.748825615,0,1,0,0
0.203319411,0.55718353,0,1,0,0
-0.030844105,0.689442819,0,1,0,0
0.110465348,0.077385197,0,0,1,0
0.079235384,0.529579873,0,1,0,0
-0.074176756,0.646612712,0,1,0,0
0.100099221,0.480680718,0,1,0,0
0.087617524,0.58237416,0,1,0,0
0.103720831,0.074963645,0,0,1,0
0.088017604,0.47951039,0,1,0,0
0.056609128,0.512545539,0,1,0,0
0.031781156,0.112675944,0,0,1,0
0.16128051,0.28576078,1,0,0,0
0.218505789,0.349592197,1,0,0,0
0.089017804,0.27788706,1,0,0,0
0.02583298,0.059285791,0,0,1,0
0.089417884,0.406118339,1,0,0,0
-0.056377089,0.24955298,1,0,0,0
0.178306532,0.165913299,0,0,1,0
0.014042801,0.935810077,0,0,0,1
0.090218044,0.111691716,0,0,1,0
-0.001503431,0.176632261,1,0,0,0
0.111923073,0.592514113,0,1,0,0
0.220667535,0.504371498,1,0,0,0
0.159217119,0.397413409,0,1,0,0
0.146529794,0.751594367,0,1,0,0
0.017752126,0.708205802,0,1,0,0
-0.004561488,0.541927832,0,1,0,0
0.189973503,0.850679712,0,0,0,1
0.057184523,0.028237828,0,0,1,0
0.224530886,0.51006952,1,0,0,0
0.055458983,0.86555318,0,0,0,1
0.032696289,0.457653341,1,0,0,0
0.189366636,0.399292931,0,1,0,0
0.209158217,0.368581382,0,1,0,0
-0.001286008,0.619324285,0,1,0,0
0.093418684,0.433909195,1,0,0,0
0.198788903,0.183635319,0,0,1,0
0.093818764,0.440222649,1,0,0,0
0.094018804,0.936666161,0,0,0,1
0.167737392,0.45434837,1,0,0,0
0.189466601,0.304690343,1,0,0,0
0.209577866,0.701100789,0,1,0,0
0.094818964,0.598210283,0,1,0,0
0.034539672,0.613048003,0,1,0,0
0.095219044,0.685822175,0,1,0,0
-0.031871676,0.910327605,0,1,0,0
0.012023876,1.06760543,0,0,0,1
0.111042612,0.054309566,0,0,1,0
-0.007916905,0.621504121,0,1,0,0
0.07129932,0.234466929,1,0,0,0
0.096419284,0.780506831,0,1,0,0
0.021291909,0.756366662,0,1,0,0
0.120872079,0.885587872,0,0,0,1
0.142048667,0.484874827,0,1,0,0
0.044135676,1.054289171,0,0,0,1
0.097419484,0.143919462,0,0,1,0
-0.062893281,0.757821951,0,1,0,0
0.097819564,0.382619024,1,0,0,0
0.138973168,0.314808607,1,0,0,0
0.098219644,0.919905104,0,0,0,1
-0.01164358,1.056701923,0,0,0,1
0.098619724,0.234668514,1,0,0,0
0.014054568,0.130487657,1,0,0,0
0.229372534,0.479890595,0,1,0,0
0.009557607,0.940514662,0,0,0,1
0.200383262,0.630750156,0,1,0,0
0.099619924,0.393496379,1,0,0,0
0.166221026,0.406113761,0,1,0,0
0.061614113,0.558325149,0,1,0,0
0.100220044,0.656188523,0,1,0,0
0.100420084,0.178706416,1,0,0,0
-0.032084443,0.801199364,0,1,0,0
0.186641436,0.464096034,0,1,0,0
0.247717258,0.285096361,1,0,0,0
0.196399735,0.205011048,0,0,1,0
0.218555318,0.705932148,0,1,0,0
0.101620324,0.322206728,1,0,0,0
0.117222054,0.381399628,1,0,0,0
0.180163389,0.446346172,1,0,0,0
0.09552851,0.221474137,1,0,0,0
0.122909164,0.140763257,0,0,1,0
0.011650188,0.33552586,1,0,0,0
0.002154727,1.0920612,0,0,0,1
0.178073697,0.196996566,0,0,1,0
0.171008066,0.147398183,0,0,1,0
0.103420684,0.823928433,0,1,0,0
0.138021145,0.058598073,0,0,1,0
0.070068457,0.711252903,0,1,0,0
0.0203357,0.087455679,1,0,0,0
-0.003959884,0.025640869,0,0,1,0
0.104420884,0.775275088,0,1,0,0
0.243699741,0.498373772,0,1,0,0
0.044901824,0.509418792,0,1,0,0
0.210930177,0.22277377,0,0,1,0
0.137266217,0.066266899,0,0,1,0
0.049330888,-0.013286668,0,0,1,0
0.247801513,0.677600742,0,1,0,0
0.088399086,0.04249541,0,0,1,0
0.091142605,0.779153202,0,1,0,0
0.144269255,0.182995483,1,0,0,0
0.106421284,0.449870865,1,0,0,0
-0.003743272,0.923602495,0,1,0,0
0.038770547,0.835719317,0,1,0,0
0.219066759,0.69195986,0,1,0,0
0.034375742,0.160983668,1,0,0,0
0.007828961,-0.040586721,0,0,1,0
0.023459293,0.678758273,0,1,0,0
0.028080021,0.617767816,0,1,0,0
0.012091182,0.917437256,0,1,0,0
0.108221644,0.739853658,0,1,0,0
0.168530588,0.661904872,0,1,0,0
0.228075634,0.23249765,0,0,1,0
0.025402435,0.128248288,1,0,0,0
0.101729089,0.905619783,0,0,0,1
0.109065491,0.887680384,0,0,0,1
0.099577495,0.833219863,0,1,0,0
0.091277411,0.117590791,0,0,1,0
0.125507392,0.752200753,0,1,0,0
0.233577359,0.499545798,1,0,0,0
0.169061916,0.156017517,0,0,1,0
0.155467841,0.288025115,1,0,0,0
-0.022329444,0.711847107,0,1,0,0
0.051338708,0.646511664,0,1,0,0
0.145279719,0.243629655,1,0,0,0
0.111222244,0.131979808,0,0,1,0
-0.01225569,0.834115615,0,1,0,0
0.209197509,0.508622675,0,1,0,0
0.139351971,0.700919949,0,1,0,0
0.112022404,0.336985595,1,0,0,0
0.235023686,0.36056087,0,1,0,0
0.054366601,0.528258235,0,1,0,0
0.143758438,0.489498503,0,1,0,0
0.00482647,0.900576914,0,1,0,0
0.113022605,0.622926615,0,1,0,0
0.113222645,0.331823976,1,0,0,0
0.197673421,0.871329649,0,0,0,1
0.171295414,0.117763236,0,0,1,0
0.20946394,0.739599489,0,1,0,0
0.153334456,0.862407397,0,0,0,1
0.114222845,0.761718088,0,1,0,0
-0.038285734,0.675570901,0,1,0,0
0.246051428,0.635931252,0,1,0,0
0.114822965,0.726146887,0,1,0,0
0.134233726,0.580112887,0,1,0,0
0.115223045,0.637851907,0,1,0,0
0.217915239,0.716598432,0,1,0,0
0.115623125,0.829090913,0,1,0,0
0.19078017,0.402717643,1,0,0,0
0.224367536,0.370132294,0,1,0,0
0.116223245,0.237514207,1,0,0,0
0.116423285,0.823347894,0,1,0,0
0.078988715,0.556286826,0,1,0,0
0.131757652,0.369788076,1,0,0,0
0.063473703,1.049212449,0,0,0,1
0.229797622,0.289010889,1,0,0,0
0.142504519,0.696165485,0,1,0,0
0.01845546,0.623448704,0,1,0,0
0.057699448,0.498164108,1,0,0,0
0.118023605,0.58587092,0,1,0,0
-0.000405871,0.931023657,0,1,0,0
0.186208601,0.585334236,0,1,0,0
0.118623725,0.022921024,0,0,1,0
0.195021134,0.572168038,0,1,0,0
0.036096443,0.292392928,1,0,0,0
0.119223845,0.505513128,0,1,0,0
0.169347614,0.754138008,0,1,0,0
0.119623925,0.299130295,1,0,0,0
-0.044948112,0.683157846,0,1,0,0
0.100889295,0.183481531,1,0,0,0
0.120224045,0.24878642,1,0,0,0
0.144857746,0.068135203,0,0,1,0
-0.015012006,0.511927731,1,0,0,0
0.135263578,0.611835051,0,1,0,0
0.121024205,0.227941082,1,0,0,0
0.17047409,0.384822848,1,0,0,0
0.148764441,0.103754323,0,0,1,0
0.17258814,0.170337569,0,0,1,0
0.12986165,0.687580122,0,1,0,0
0.122024405,0.314408072,1,0,0,0
0.22274235,0.217580182,0,0,1,0
0.122424485,0.531971902,0,1,0,0
0.052316142,0.230350077,1,0,0,0
0.122824565,0.377869616,1,0,0,0
0.180289125,0.430377609,1,0,0,0
0.123224645,0.387660034,1,0,0,0
0.200910316,0.810380877,0,0,0,1
0.123624725,0.185223051,1,0,0,0
0.213778317,0.279099442,1,0,0,0
0.217583515,0.395078272,1,0,0,0
-0.00267726,0.764108901,0,1,0,0
0.252308797,0.435094457,0,1,0,0
0.174400893,0.795639129,0,1,0,0
0.106734163,0.951151366,0,0,0,1
0.090031462,0.096171555,1,0,0,0
0.125225045,0.870997747,0,0,0,1
0.125425085,0.778183762,0,1,0,0
0.142464363,0.446090348,1,0,0,0
0.059683261,1.003127529,0,0,0,1
0.008516448,0.221607935,1,0,0,0
0.204627173,0.405548737,1,0,0,0
0.142592002,0.5793959,0,1,0,0
0.126625325,0.752004542,0,1,0,0
0.174523863,0.801006311,0,1,0,0
0.213922968,0.484753171,1,0,0,0
0.24382321,0.365415458,1,0,0,0
0.029500611,0.103470545,1,0,0,0
0.266671768,0.428844507,0,1,0,0
0.201648728,0.190254836,0,0,1,0
0.16072306,0.873289717,0,0,0,1
0.128225645,0.779709212,0,1,0,0
0.132283659,0.407777297,1,0,0,0
0.065371425,0.007454127,0,0,1,0
0.25441393,0.511958327,0,1,0,0
0.125323566,0.3249708,1,0,0,0
0.030647128,0.597288281,0,1,0,0
0.095856649,0.144623262,1,0,0,0
0.106078754,0.222936014,1,0,0,0
0.162295064,0.159730508,1,0,0,0
0.184366864,0.437304067,1,0,0,0
0.152409227,0.778044881,0,1,0,0
0.130426085,0.554384799,0,1,0,0
0.10872928,-0.005443426,0,0,1,0
0.022271496,0.75927879,0,1,0,0
0.211987129,0.768858504,0,1,0,0
0.017457921,0.759246531,0,1,0,0
0.149615215,0.140850174,1,0,0,0
0.158150581,0.824715372,0,1,0,0
0.131826365,0.414772507,1,0,0,0
0.203845249,0.144789165,0,0,1,0
0.233253283,0.231740633,1,0,0,0
0.132426485,0.764612213,0,1,0,0
0.132626525,0.656291582,0,1,0,0
0.132826565,0.379845145,1,0,0,0
0.034609079,0.64522704,0,1,0,0
0.043446932,0.568840181,1,0,0,0
0.133426685,0.117839678,1,0,0,0
0.164237526,0.3464012,1,0,0,0
0.063833809,0.191247535,1,0,0,0
0.004167769,0.495867655,1,0,0,0
0.122531317,0.208330734,1,0,0,0
0.134426885,0.573268077,0,1,0,0
0.066555568,0.099493285,1,0,0,0
0.134826965,0.516475479,0,1,0,0
0.226136312,0.27735645,1,0,0,0
0.000606528,0.799445361,0,1,0,0
0.145729111,0.223722726,1,0,0,0
0.119668557,0.285324092,1,0,0,0
0.219583619,0.535515346,0,1,0,0
0.136027205,0.958981562,0,0,0,1
0.215238358,0.209745121,1,0,0,0
0.270567195,0.488779648,0,1,0,0
0.136627325,0.618753978,0,1,0,0
0.208508447,0.833798409,0,0,0,1
0.201699419,0.727793185,0,1,0,0
0.120329051,0.367654512,1,0,0,0
0.157351038,0.719024189,0,1,0,0
0.02431212,0.053292994,1,0,0,0
0.247964342,0.480590987,1,0,0,0
0.251210142,0.386154175,1,0,0,0
0.138227646,0.10364073,0,0,1,0
0.217941904,0.865094046,0,0,0,1
0.207937212,0.771048273,0,1,0,0
0.193700191,0.40532066,1,0,0,0
0.10232533,0.881324436,0,1,0,0
0.214676802,0.205769986,1,0,0,0
0.139427886,0.211611619,1,0,0,0
0.06474923,0.045141358,1,0,0,0
0.139827966,0.819404323,0,1,0,0
0.140028006,0.417200985,1,0,0,0
0.20798169,0.390773486,1,0,0,0
0.215233338,0.872055795,0,0,0,1
0.221054945,0.526109146,0,1,0,0
0.096844733,0.078296786,1,0,0,0
0.159553004,0.142761971,1,0,0,0
0.054966959,0.576103387,1,0,0,0
0.141428286,0.211110653,1,0,0,0
0.11230557,0.22833958,1,0,0,0
0.019520944,0.866469771,0,1,0,0
0.142028406,0.857091999,0,1,0,0
0.142228446,0.077704864,0,0,1,0
0.142428486,0.808435147,0,1,0,0
0.142628526,0.508358408,0,1,0,0
0.208754774,0.836748667,0,0,0,1
0.150073877,0.809959602,0,1,0,0
0.231215915,0.804917698,0,0,0,1
0.143428686,0.298981702,1,0,0,0
0.237818971,0.493508496,1,0,0,0
0.078116847,0.575807181,0,1,0,0
0.186082951,0.092385861,0,0,1,0
0.251750165,0.485137459,1,0,0,0
0.225220815,0.854942145,0,0,0,1
0.144628926,0.522713094,0,1,0,0
0.183869338,0.838284832,0,1,0,0
0.145029006,0.677254072,0,1,0,0
0.11628386,0.669059397,0,1,0,0
0.239645,0.458384348,1,0,0,0
0.121658134,0.374062773,1,0,0,0
0.112313548,0.245107085,1,0,0,0
0.089794086,0.137814672,1,0,0,0
0.146229246,0.713033432,0,1,0,0
0.235375787,0.782823135,0,0,0,1
0.052053854,0.217742429,1,0,0,0
0.000421026,0.831528331,0,1,0,0
0.219805956,0.394042143,1,0,0,0
0.147229446,0.257031093,1,0,0,0
0.100677718,0.941428137,0,1,0,0
0.076169889,0.313602263,1,0,0,0
0.036591927,0.759936136,0,1,0,0
0.072862106,0.750419733,0,1,0,0
0.196860977,0.82270572,0,1,0,0
0.113029553,0.290423644,1,0,0,0
0.253849408,0.720300011,0,1,0,0
0.189589042,0.451389937,1,0,0,0
0.244482135,0.24976165,1,0,0,0
0.187289516,0.449626825,1,0,0,0
0.149429886,0.919308938,0,0,0,1
0.149629926,0.316823943,1,0,0,0
0.149829966,0.973936748,0,0,0,1
0.013300553,0.63770149,0,1,0,0
0.15134018,0.045092175,0,0,1,0
0.111174227,1.066650469,0,0,0,1
0.150630126,0.22786139,1,0,0,0
0.150830166,0.219530621,1,0,0,0
0.118479441,1.037856958,0,0,0,1
0.228323192,0.864280201,0,0,0,1
0.151430286,0.667260585,0,1,0,0
0.211929366,0.196364995,1,0,0,0
0.139775679,-0.008504926,0,0,1,0
0.064436428,0.179009042,1,0,0,0
0.094084239,0.892859044,0,1,0,0
0.176612457,0.942343618,0,0,0,1
0.085141649,0.851599548,0,1,0,0
0.130855326,0.82699417,0,1,0,0
0.229930967,0.373094576,1,0,0,0
0.05250778,0.649002597,0,1,0,0
0.11379266,0.751271081,0,1,0,0
0.22746771,0.840902067,0,0,0,1
0.153830766,0.885727224,0,1,0,0
0.154030806,0.353792168,1,0,0,0
0.154230846,0.816591143,0,1,0,0
0.154430886,0.208464235,1,0,0,0
0.139837548,0.644727966,0,1,0,0
0.201342219,0.408922697,1,0,0,0
0.119693094,0.542427021,0,1,0,0
0.113258891,0.449836736,1,0,0,0
0.15924547,0.673396887,0,1,0,0
0.075615148,0.097876923,1,0,0,0
0.251166735,0.262153106,1,0,0,0
0.200647674,0.115627506,0,0,1,0
0.132756826,0.586904821,0,1,0,0
0.095560978,0.29234267,1,0,0,0
0.190980312,0.41478315,1,0,0,0
0.230684753,0.756188071,0,1,0,0
0.237520561,0.746436311,0,1,0,0
0.07252646,0.257847451,1,0,0,0
0.242164678,0.43474853,1,0,0,0
0.159083023,0.440520345,1,0,0,0
0.142874927,0.858573522,0,1,0,0
0.158031606,0.308173102,1,0,0,0
0.236841467,0.229399693,1,0,0,0
0.036409324,0.784607717,0,1,0,0
0.235996074,0.801481234,0,0,0,1
0.158831766,0.90640599,0,0,0,1
0.132000959,0.541844873,1,0,0,0
0.093492497,0.509349911,1,0,0,0
0.159431886,0.175515532,1,0,0,0
0.091770302,0.755927213,0,1,0,0
0.197352978,0.880032372,0,0,0,1
0.160032006,0.554089339,0,1,0,0
0.190478436,0.224410309,1,0,0,0
0.147989065,0.252823976,1,0,0,0
0.160632126,0.0185944,0,0,1,0
0.208278013,0.437978541,1,0,0,0
0.273288695,0.709792471,0,1,0,0
0.118211457,1.007721334,0,0,0,1
0.229090645,0.548044541,0,1,0,0
0.195520312,0.408990511,1,0,0,0
0.21163984,0.590349277,0,1,0,0
0.202987977,0.389995867,1,0,0,0
0.17919876,0.470458669,1,0,0,0
0.100286005,0.237663446,1,0,0,0
0.151435783,0.856122367,0,1,0,0
0.049980655,0.660765454,0,1,0,0
0.135860729,0.67911629,0,1,0,0
0.102260345,0.682598419,0,1,0,0
0.268448011,0.518575734,1,0,0,0
0.087798643,0.467935592,1,0,0,0
0.163832767,0.406180258,1,0,0,0
0.164032807,0.951996427,0,0,0,1
0.164232847,0.258612955,1,0,0,0
0.164432887,0.191797971,1,0,0,0
0.06615956,0.258814198,1,0,0,0
0.246102164,0.42821142,1,0,0,0
0.277607178,0.536616171,0,1,0,0
0.159423039,0.853963636,0,1,0,0
0.165433087,0.56839991,0,1,0,0
0.105406455,0.625736472,0,1,0,0
0.138910073,0.861752147,0,1,0,0
0.242989777,0.372246044,1,0,0,0
0.067960981,0.121930368,1,0,0,0
0.104095696,1.014369243,0,0,0,1
0.166633327,0.938847839,0,0,0,1
0.15243849,0.97432219,0,0,0,1
0.241628097,0.712420701,0,1,0,0
0.237531629,0.180299702,0,0,1,0
0.167433487,0.284871163,1,0,0,0
0.186534484,0.329567223,1,0,0,0
0.167833567,0.600581192,0,1,0,0
0.173806526,0.689421256,0,1,0,0
0.24950722,0.380278929,1,0,0,0
0.143945832,0.985918746,0,0,0,1
0.22864525,0.437618599,1,0,0,0
0.168833767,0.384818652,1,0,0,0
0.20322889,0.912160431,0,0,0,1
0.144245055,0.830496006,0,1,0,0
0.069929331,0.945275472,0,1,0,0
0.140983733,0.480685398,1,0,0,0
0.169833967,0.089060001,1,0,0,0
0.058674003,0.288842353,1,0,0,0
0.170234047,0.905000853,0,1,0,0
0.258787355,0.507430507,1,0,0,0
0.235982541,0.704528516,0,1,0,0
0.262576793,0.477035467,1,0,0,0
0.240560444,0.730908545,0,1,0,0
0.18029923,0.660696256,0,1,0,0
0.232933574,0.217510908,1,0,0,0
0.171634327,0.108571639,1,0,0,0
0.107542949,0.933130668,0,1,0,0
0.052947855,0.940081469,0,1,0,0
0.074237075,0.550738116,1,0,0,0
0.121716852,0.913312797,0,1,0,0
0.172634527,0.132132869,1,0,0,0
0.199573833,0.884827741,0,0,0,1
0.105543476,0.332461157,1,0,0,0
0.15850093,0.173185988,1,0,0,0
0.053467005,0.697438522,0,1,0,0
0.16861873,0.302378274,1,0,0,0
0.173834767,0.110214165,1,0,0,0
0.130232049,0.757365614,0,1,0,0
0.174234847,0.947089304,0,0,0,1
0.147676132,0.222236543,1,0,0,0
0.119578847,0.260420916,1,0,0,0
0.174834967,0.683121,0,1,0,0
0.074158358,0.637113907,0,1,0,0
0.26203122,0.355664176,1,0,0,0
0.185143244,0.121087677,1,0,0,0
0.175635127,0.520952916,0,1,0,0
0.102735433,1.06601621,0,0,0,1
0.204499225,0.33557823,1,0,0,0
0.126477802,0.678185638,0,1,0,0
0.204998188,0.082638877,0,0,1,0
0.176635327,0.566353512,0,1,0,0
0.176835367,0.315213724,1,0,0,0
0.288029797,0.639102282,0,1,0,0
0.101804302,0.462552049,1,0,0,0
0.095877405,0.1690624,1,0,0,0
0.177635527,0.87053434,0,1,0,0
0.296073899,0.584424689,0,1,0,0
0.178035607,0.756998954,0,1,0,0
0.088235287,0.022593612,1,0,0,0
0.178435687,0.896686331,0,1,0,0
0.07790592,0.889947856,0,1,0,0
0.177071398,-0.001433903,0,0,1,0
0.179035807,0.84428112,0,1,0,0
0.10655968,0.520592891,1,0,0,0
0.299086914,0.299081403,1,0,0,0
0.179635927,0.122013589,1,0,0,0
0.143591965,0.362133392,1,0,0,0
0.221842761,0.224616509,1,0,0,0
0.180236047,0.385135372,1,0,0,0
0.160797308,0.183016313,1,0,0,0
0.091983861,0.241675853,1,0,0,0
0.249058812,0.601454865,0,1,0,0
0.199040706,0.058574883,0,0,1,0
0.127519647,0.096131049,1,0,0,0
0.173451356,0.197272738,1,0,0,0
0.070951391,0.051928984,1,0,0,0
0.097793319,0.86826233,0,1,0,0
0.182036407,0.534224119,0,1,0,0
0.239558027,0.421876298,0,1,0,0
0.106856516,0.657883766,1,0,0,0
0.123237109,-0.104733276,0,0,1,0
0.17925623,0.851912697,0,1,0,0
0.183036607,0.22025643,1,0,0,0
0.214920403,0.63805029,0,1,0,0
0.23869344,0.467172213,1,0,0,0
0.237578969,0.647526384,0,1,0,0
0.207872727,0.71072243,0,1,0,0
0.184036807,0.379123436,1,0,0,0
0.184236847,0.785295732,0,1,0,0
0.195507802,0.878642681,0,1,0,0
0.184636927,0.087543126,1,0,0,0
0.184836967,0.38781648,1,0,0,0
0.185037007,0.655354743,0,1,0,0
0.175875693,0.503712941,1,0,0,0
0.250410538,0.522462594,0,1,0,0
0.145305736,0.243576162,1,0,0,0
0.128137945,0.15806315,1,0,0,0
0.186037207,0.337561736,1,0,0,0
0.255316025,0.765106451,0,1,0,0
0.198368036,0.49453769,1,0,0,0
0.086107905,0.790608691,0,1,0,0
0.240461072,0.57437433,0,1,0,0
0.187037407,0.221455029,1,0,0,0
0.15637415,0.557116065,1,0,0,0
0.314850075,0.668265002,0,1,0,0
0.23215153,0.534150577,0,1,0,0
0.176137601,0.929320547,0,1,0,0
0.199506499,0.209108526,1,0,0,0
0.188237648,0.565528684,0,1,0,0
0.162721256,0.539116322,1,0,0,0
0.243872638,0.825490593,0,1,0,0
0.138100327,0.757438664,0,1,0,0
0.196282682,0.199872636,1,0,0,0
0.173014492,-0.001481641,0,0,1,0
0.171108147,0.976241063,0,0,0,1
0.189637928,0.201708242,1,0,0,0
0.189837968,0.327329991,1,0,0,0
0.186448755,0.884642005,0,1,0,0
0.177737158,0.973175111,0,0,0,1
0.17436113,0.237764222,1,0,0,0
0.190638128,0.176070847,1,0,0,0
0.131319394,0.270482059,1,0,0,0
0.167124292,0.47329076,1,0,0,0
0.139748959,1.108175485,0,0,0,1
0.191438288,0.003100367,0,0,1,0
0.191638328,0.002706049,0,0,1,0
0.213098114,0.459122427,1,0,0,0
0.16711541,0.569256484,1,0,0,0
0.192238448,0.925037343,0,0,0,1
0.192438488,0.698445032,0,1,0,0
0.192638528,0.33859634,1,0,0,0
0.203880495,0.304202389,1,0,0,0
0.121529772,0.178129341,1,0,0,0
0.143185581,-0.008340917,1,0,0,0
0.231363975,0.831950055,0,1,0,0
0.193638728,0.129374482,1,0,0,0
0.313465423,0.508433986,0,1,0,0
0.204676196,0.07213473,0,0,1,0
0.143946232,0.095424004,1,0,0,0
0.154394333,0.352678216,1,0,0,0
0.194638928,0.00993148,0,0,1,0
0.194838968,0.177088114,1,0,0,0
0.258229679,0.816864825,0,0,0,1
0.195239048,0.233655055,1,0,0,0
0.26950933,0.771255973,0,1,0,0
0.1074476,0.918272071,0,1,0,0
0.141351221,0.514480572,1,0,0,0
0.196039208,0.448162471,1,0,0,0
0.263812843,0.769661805,0,1,0,0
0.207111587,0.566086832,0,1,0,0
0.196270229,0.983308264,0,0,0,1
0.265628452,0.566380358,0,1,0,0
0.187172559,-0.025650718,0,0,1,0
0.107679053,0.78943139,0,1,0,0
0.15530068,1.042371691,0,0,0,1
0.197639528,0.623035211,0,1,0,0
0.185311231,0.553299675,1,0,0,0
0.160012719,0.235029265,1,0,0,0
0.198239648,0.57137415,0,1,0,0
0.190441397,0.757534266,0,1,0,0
0.102724895,0.281744535,1,0,0,0
0.167989046,0.994608541,0,0,0,1
0.164680434,0.950713638,0,1,0,0
0.17467443,1.009660508,0,0,0,1
0.121649133,0.54722077,1,0,0,0
0.199639928,0.167761907,1,0,0,0
0.233783723,0.134296166,0,0,1,0
0.200040008,0.689510279,0,1,0,0
0.267662843,0.364072936,1,0,0,0
0.200440088,0.139518381,1,0,0,0
0.138541841,0.024065543,1,0,0,0
0.186322876,0.968399561,0,0,0,1
0.201040208,0.116476564,1,0,0,0
0.244866757,0.647307427,0,1,0,0
0.201440288,0.171528558,1,0,0,0
0.202489953,0.532497576,0,1,0,0
0.201840368,0.758216986,0,1,0,0
0.198976128,0.762639196,0,1,0,0
0.202240448,0.254408348,1,0,0,0
0.145604412,0.131421571,1,0,0,0
0.202640528,0.316288331,1,0,0,0
0.272071583,0.43554617,1,0,0,0
0.188581425,-0.003317458,0,0,1,0
0.114733242,0.737716366,0,1,0,0
0.099238822,0.694786113,0,1,0,0
0.162356059,1.07705802,0,0,0,1
0.21928529,0.052955623,0,0,1,0
0.204040808,0.583064833,0,1,0,0
0.170963135,0.556449327,1,0,0,0
0.234666909,0.871700445,0,1,0,0
0.204640928,0.21926513,1,0,0,0
0.273584505,0.569822569,0,1,0,0
0.232081222,0.283714734,1,0,0,0
0.185300247,0.60428184,0,1,0,0
0.267189346,0.366784455,1,0,0,0
0.243655191,0.590123813,0,1,0,0
0.205841168,0.407445514,1,0,0,0
0.16353032,0.178353011,1,0,0,0
0.268593317,0.2280248,1,0,0,0
0.206441288,0.712421985,0,1,0,0
0.270804049,0.348809839,1,0,0,0
0.099375678,0.820453174,0,1,0,0
0.207041408,0.624292223,0,1,0,0
0.255733412,0.650865913,0,1,0,0
0.173658262,0.592877184,1,0,0,0
0.135672383,1.112367345,0,0,0,1
0.207841568,0.998932705,0,0,0,1
0.238400158,0.919642199,0,0,0,1
0.253436046,0.867926779,0,0,0,1
0.208441688,0.876888139,0,1,0,0
0.171318107,0.6702396,0,1,0,0
0.208841768,0.219988291,1,0,0,0
0.178822294,0.976466865,0,1,0,0
0.263394713,0.812699154,0,1,0,0
0.166801918,0.313509693,1,0,0,0
0.290734687,0.734461674,0,1,0,0
0.209841968,0.581671147,0,1,0,0
0.184028542,0.553244092,1,0,0,0
0.168267137,-0.094713649,0,0,1,0
0.210442088,0.716769009,0,1,0,0
0.24159542,0.583800117,0,1,0,0
0.128651695,0.887680489,0,1,0,0
0.23869195,0.83796381,0,1,0,0
0.211242248,0.429733029,1,0,0,0
0.211442288,0.837268553,0,1,0,0
0.108427685,0.866602635,0,1,0,0
0.211842368,0.077748567,1,0,0,0
0.249903177,0.622133452,0,1,0,0
0.212242448,0.545333865,0,1,0,0
0.212442488,0.471664502,1,0,0,0
0.2130664,0.433430102,1,0,0,0
0.152050785,0.069469484,1,0,0,0
0.276995543,0.254463743,1,0,0,0
0.297994064,0.497106567,1,0,0,0
0.156136837,0.695233862,0,1,0,0
0.164429413,0.896239875,0,1,0,0
0.257002474,0.619568019,0,1,0,0
0.214042809,0.341782402,1,0,0,0
0.214242849,0.596455268,0,1,0,0
0.214442889,0.453251383,1,0,0,0
0.22104393,0.443359011,1,0,0,0
0.17607918,-0.122212398,0,0,1,0
0.215043009,0.962553916,0,0,0,1
0.189457726,0.085947412,1,0,0,0
0.320129771,0.506139937,0,1,0,0
0.215136477,0.901724906,0,1,0,0
0.159054884,1.119430975,0,0,0,1
0.182713099,0.510756378,1,0,0,0
0.262449797,0.379125062,1,0,0,0
0.260481289,0.422417895,0,1,0,0
0.247800809,0.193945964,1,0,0,0
0.273719769,0.79536213,0,1,0,0
0.281768665,0.675111141,0,1,0,0
0.218216278,0.447409176,1,0,0,0
0.211851369,0.506936499,1,0,0,0
0.217643529,0.270374165,1,0,0,0
0.306258692,0.520233761,1,0,0,0
0.115768477,0.658747776,0,1,0,0
0.166717174,0.291222482,1,0,0,0
0.184509696,0.210305141,1,0,0,0
0.171655756,0.59660034,1,0,0,0
0.180654698,0.181867904,1,0,0,0
0.209451768,0.341326469,1,0,0,0
0.291426141,0.284831182,1,0,0,0
0.291131023,0.315082024,1,0,0,0
0.219643929,0.058714243,0,0,1,0
0.244668138,0.402948789,1,0,0,0
0.206405744,0.623926657,0,1,0,0
0.220244049,0.636234962,0,1,0,0
0.230602822,0.581021253,0,1,0,0
0.179853808,0.960651973,0,1,0,0
0.220844169,0.858169883,0,1,0,0
0.264697265,0.334531616,1,0,0,0
0.217950625,0.361701887,1,0,0,0
0.221444289,0.647621953,0,1,0,0
0.18656527,1.013619526,0,0,0,1
0.276470382,0.254895883,1,0,0,0
0.202539424,0.522410021,1,0,0,0
0.222244449,0.929504686,0,1,0,0
0.180023276,6.12E-05,1,0,0,0
0.219271564,-0.000689822,0,0,1,0
0.163065022,0.559040809,1,0,0,0
0.139333458,0.991147991,0,1,0,0
0.223244649,0.406399582,1,0,0,0
0.180346097,0.057283089,1,0,0,0
0.330982555,0.592806578,0,1,0,0
0.123061523,0.681148639,0,1,0,0
0.250792179,0.380706642,1,0,0,0
0.227257898,0.520217034,1,0,0,0
0.236747011,0.262816917,1,0,0,0
0.224644929,0.661393602,0,1,0,0
0.224844969,0.757141698,0,1,0,0
0.222719006,0.379760438,1,0,0,0
0.182781416,0.651571822,1,0,0,0
0.270455104,0.247761522,1,0,0,0
0.225645129,0.952364637,0,0,0,1
0.244386967,0.491674129,0,1,0,0
0.320237021,0.563079629,0,1,0,0
0.215833089,0.012439137,0,0,1,0
0.097360377,0.700365802,0,1,0,0
0.267127937,0.39013086,1,0,0,0
0.29265507,0.508829148,1,0,0,0
0.227045409,0.71014751,0,1,0,0
0.272157295,0.467848323,1,0,0,0
0.24435893,0.423555259,1,0,0,0
0.19483806,0.610811602,0,1,0,0
0.196248599,0.210354917,1,0,0,0
0.317886349,0.70684769,0,1,0,0
0.228245649,0.282594147,1,0,0,0
0.246008302,0.70571353,0,1,0,0
0.098690969,0.748184531,0,1,0,0
0.171502525,0.069146763,1,0,0,0
0.229045809,0.582805452,0,1,0,0
0.229245849,0.374780981,1,0,0,0
0.249643023,0.110370884,0,0,1,0
0.235167703,0.537799244,0,1,0,0
0.229845969,0.152061944,1,0,0,0
0.230046009,0.56804055,0,1,0,0
0.231410589,0.065107073,1,0,0,0
0.261903906,0.147300512,0,0,1,0
0.230646129,0.314246316,1,0,0,0
0.201055654,-0.057363658,0,0,1,0
0.231046209,0.109728866,1,0,0,0
0.27486541,0.368792009,1,0,0,0
0.172217617,0.830536328,0,1,0,0
0.135871124,0.693060859,0,1,0,0
0.166837246,0.056891139,1,0,0,0
0.232046409,0.619604456,0,1,0,0
0.2724726,0.612291914,0,1,0,0
0.25641905,0.161003846,1,0,0,0
0.291601607,0.669447824,0,1,0,0
0.274838109,0.599207324,0,1,0,0
0.173601023,0.103072652,1,0,0,0
0.219545884,0.55987616,1,0,0,0
0.284030499,0.383753209,1,0,0,0
0.242061043,0.368807173,1,0,0,0
0.250483075,0.135175947,1,0,0,0
0.233547787,0.305736551,1,0,0,0
0.234246849,0.160536152,1,0,0,0
0.268733721,0.799092764,0,1,0,0
0.267650404,0.363925509,1,0,0,0
0.200540581,-0.139278271,0,0,1,0
0.235047009,0.114051079,1,0,0,0
0.235247049,0.312562846,1,0,0,0
0.235447089,0.614685359,0,1,0,0
0.268207706,0.399224181,1,0,0,0
0.235847169,0.713810005,0,1,0,0
0.205547394,0.069730934,1,0,0,0
0.236247249,0.682855181,0,1,0,0
0.236447289,0.111833647,1,0,0,0
0.236647329,0.444995985,1,0,0,0
0.158589851,0.254726384,1,0,0,0
0.248663285,0.619487265,0,1,0,0
0.237247449,0.102251853,1,0,0,0
0.237447489,0.314145356,1,0,0,0
0.226596589,0.642243804,0,1,0,0
0.296539044,0.748936093,0,1,0,0
0.252734184,0.444856736,1,0,0,0
0.284886161,0.252510264,1,0,0,0
0.23844769,0.761618644,0,1,0,0
0.278745543,0.237373492,1,0,0,0
0.247312803,0.053551592,0,0,1,0
0.266709727,0.394813287,1,0,0,0
0.23924785,0.662339348,0,1,0,0
0.23944789,0.52674382,1,0,0,0
0.31427325,0.590374549,0,1,0,0
0.274577588,0.335408919,1,0,0,0
0.262900181,0.343221495,1,0,0,0
0.24024805,0.125727459,1,0,0,0
0.24044809,0.690953531,0,1,0,0
0.24064813,0.016876886,0,0,1,0
0.24084817,0.277363929,1,0,0,0
0.268839856,0.440345878,0,1,0,0
0.235845422,0.918302457,0,1,0,0
0.24144829,0.923897034,0,1,0,0
0.24164833,0.896680973,0,1,0,0
0.235660442,0.84470621,0,1,0,0
0.255958494,0.837524552,0,1,0,0
0.353318401,0.553429564,0,1,0,0
0.261058871,0.25944191,1,0,0,0
0.24264853,0.488591715,1,0,0,0
0.147622702,0.788267799,0,1,0,0
0.280279478,0.419494791,1,0,0,0
0.268477474,0.824384872,0,1,0,0
0.303537414,0.777716194,0,1,0,0
0.24364873,0.250119708,1,0,0,0
0.277155296,0.822903502,0,1,0,0
0.2677971,0.168899571,1,0,0,0
0.190196554,0.931048193,0,1,0,0
0.301503613,0.80549823,0,0,0,1
0.210655977,0.841657651,0,1,0,0
0.249739379,0.06973686,0,0,1,0
0.24504901,0.050674291,0,0,1,0
0.24524905,0.926587192,0,1,0,0
0.235838435,0.879762576,0,1,0,0
0.264136078,0.323725855,1,0,0,0
0.203941252,0.577686278,1,0,0,0
0.219555914,0.705643647,0,1,0,0
0.253764906,0.252045023,1,0,0,0
0.317801848,0.717297933,0,1,0,0
0.215609957,0.993116599,0,1,0,0
0.254897059,0.14502215,1,0,0,0
0.253999716,0.825692816,0,1,0,0
0.24724945,0.987841446,0,0,0,1
0.22015813,0.830731261,0,1,0,0
0.252771623,0.554263794,0,1,0,0
0.24784957,0.225498638,1,0,0,0
0.24804961,0.653023471,0,1,0,0
0.24824965,0.040080166,0,0,1,0
0.264068347,0.255990931,1,0,0,0
0.334892967,0.608287812,0,1,0,0
0.24884977,0.502109118,1,0,0,0
0.24904981,0.776413126,0,1,0,0
0.21808147,0.793758978,0,1,0,0
0.278984392,0.181139131,0,0,1,0
0.24964993,0.60054663,0,1,0,0
0.24984997,0.862459013,0,1,0,0
0.216812592,0.608040926,1,0,0,0
0.25025005,0.68737777,0,1,0,0
0.25045009,0.818646963,0,1,0,0
0.278789721,0.404676468,1,0,0,0
0.25085017,0.510760262,1,0,0,0
0.257150748,0.251069362,1,0,0,0
0.271992754,0.210907966,1,0,0,0
0.273861647,0.438340292,0,1,0,0
0.273379781,0.414509107,1,0,0,0
0.25185037,0.553913657,0,1,0,0
0.286510432,0.776234633,0,1,0,0
0.315605133,0.705416705,0,1,0,0
0.250737943,0.757684667,0,1,0,0
0.19793863,0.95926706,0,1,0,0
0.25285057,0.996649509,0,0,0,1
0.253615085,0.587209234,0,1,0,0
0.25325065,0.984817657,0,0,0,1
0.25345069,0.828655584,0,1,0,0
0.353423535,0.625133218,0,1,0,0
0.209765676,0.16962121,1,0,0,0
0.281273188,0.219641134,1,0,0,0
0.267465684,0.174536126,1,0,0,0
0.26129659,0.210305085,1,0,0,0
0.190980124,0.942875019,0,1,0,0
0.155093387,0.867457452,0,1,0,0
0.280915556,0.381788453,1,0,0,0
0.254220006,-0.000285902,0,0,1,0
0.25545109,0.860569884,0,1,0,0
0.25565113,0.390537749,1,0,0,0
0.306200115,0.771093762,0,1,0,0
0.197176163,0.282126602,1,0,0,0
0.263943645,0.18284116,1,0,0,0
0.213180012,1.106684932,0,0,0,1
0.220349334,-0.036372397,1,0,0,0
0.194684883,0.829823871,0,1,0,0
0.25705141,0.117924041,1,0,0,0
0.251895031,0.951618414,0,1,0,0
0.264870633,0.323242714,1,0,0,0
0.25765153,0.701765164,0,1,0,0
0.261153729,0.969042038,0,0,0,1
0.25805161,0.241486631,1,0,0,0
0.239727946,0.719894076,0,1,0,0
0.275540675,0.128994488,0,0,1,0
0.290737386,0.867532316,0,0,0,1
0.269238575,0.231439054,1,0,0,0
0.25905181,0.042403878,0,0,1,0
0.25925185,0.378620498,1,0,0,0
0.25945189,0.725712487,0,1,0,0
0.22035339,0.163957107,1,0,0,0
0.308349809,0.439147322,1,0,0,0
0.296218255,0.468440217,1,0,0,0
0.233473418,0.617222483,1,0,0,0
0.26045209,0.489060194,1,0,0,0
0.285320238,0.239432762,1,0,0,0
0.316939964,0.495450618,1,0,0,0
0.271708172,0.282234168,1,0,0,0
0.26125225,0.918103965,0,1,0,0
0.26145229,0.456025929,1,0,0,0
0.153096025,0.772448923,0,1,0,0
0.26185237,0.145707798,1,0,0,0
0.26205241,0.378535017,1,0,0,0
0.364359356,0.667030395,0,1,0,0
0.26245249,0.206016925,1,0,0,0
0.240981541,0.610535336,1,0,0,0
0.245917093,1.001802459,0,1,0,0
0.263052611,0.437723554,1,0,0,0
0.263252651,0.514374468,1,0,0,0
0.244375253,0.600229982,1,0,0,0
0.274693508,0.916714953,0,1,0,0
0.235003987,1.024883716,0,1,0,0
0.282681051,0.434289235,0,1,0,0
0.267897921,0.827819613,0,1,0,0
0.243714936,0.213859041,1,0,0,0
0.271428578,0.078798511,0,0,1,0
0.374220085,0.516254057,0,1,0,0
0.265053011,0.81955396,0,1,0,0
0.256616736,0.004657935,1,0,0,0
0.292946393,0.262787848,1,0,0,0
0.276813418,0.099920012,0,0,1,0
0.303246621,0.286731748,1,0,0,0
0.248421446,0.567438486,1,0,0,0
0.292030228,0.252996109,1,0,0,0
0.266453291,0.113320736,1,0,0,0
0.297304972,0.477263765,1,0,0,0
0.266853371,0.369073927,1,0,0,0
0.267053411,0.479696771,1,0,0,0
0.192529202,0.861482753,0,1,0,0
0.267453491,0.986898384,0,0,0,1
0.290971532,0.80892909,0,1,0,0
0.291249613,0.254674518,1,0,0,0
0.268053611,0.974072952,0,0,0,1
0.268253651,0.90222171,0,1,0,0
0.291266164,0.800057225,0,1,0,0
0.294340423,0.311291952,1,0,0,0
0.278303155,0.114288617,0,0,1,0
0.256168732,0.585417175,1,0,0,0
0.269253851,0.270597722,1,0,0,0
0.31172694,0.619522498,0,1,0,0
0.257535215,1.034409874,0,0,0,1
0.28966216,0.374896925,1,0,0,0
0.253111464,0.204676874,1,0,0,0
0.204137867,0.759970918,0,1,0,0
0.278716797,0.131935623,1,0,0,0
0.237658447,1.10727274,0,0,0,1
0.270854171,0.450408963,1,0,0,0
0.210077624,0.906900105,0,1,0,0
0.271254251,0.870957326,0,1,0,0
0.261842048,0.357063814,1,0,0,0
0.273778357,0.290118777,1,0,0,0
0.252543936,0.200450854,1,0,0,0
0.287339807,0.433577278,0,1,0,0
0.272254451,0.680000889,0,1,0,0
0.272454491,0.309586918,1,0,0,0
0.319274049,0.711378073,0,1,0,0
0.282440938,0.473256673,0,1,0,0
0.248182549,0.33845519,1,0,0,0
0.293644675,0.7637847,0,1,0,0
0.299078338,0.8694161,0,0,0,1
0.273654731,0.988480524,0,0,0,1
0.273822202,0.163991418,1,0,0,0
0.274054811,0.109922607,1,0,0,0
0.260872764,0.882797459,0,1,0,0
0.253519475,-0.046920603,1,0,0,0
0.274099333,0.26946063,1,0,0,0
0.274854971,0.207307156,1,0,0,0
0.231283849,0.137998921,1,0,0,0
0.290133559,0.808068361,0,1,0,0
0.313999048,0.63169111,0,1,0,0
0.274403444,0.979719796,0,0,0,1
0.260030082,0.004107157,1,0,0,0
0.276055211,0.434945825,1,0,0,0
0.276255251,0.030752347,0,0,1,0
0.265047058,0.150699193,1,0,0,0
0.276655331,0.620089588,0,1,0,0
0.221888746,0.278900964,1,0,0,0
0.277055411,0.999387504,0,0,0,1
0.291029762,0.383947029,1,0,0,0
0.26669058,0.968817571,0,1,0,0
0.310305921,0.363187627,1,0,0,0
0.298468482,0.844039998,0,1,0,0
0.264768585,0.05997183,1,0,0,0
0.272111337,0.539646353,1,0,0,0
0.278455691,0.947980183,0,1,0,0
0.278655731,0.712783067,0,1,0,0
0.278855771,0.798978915,0,1,0,0
0.262390132,1.03109583,0,0,0,1
0.279255851,0.553915882,0,1,0,0
0.279944779,0.599271156,0,1,0,0
0.310565102,0.325425894,1,0,0,0
0.292425391,0.39052896,1,0,0,0
0.285220311,0.933665999,0,1,0,0
0.391004542,0.646788056,0,1,0,0
0.280456091,0.101294594,1,0,0,0
0.293177615,0.378999489,1,0,0,0
0.280856171,0.673619395,0,1,0,0
0.292666673,0.359963629,1,0,0,0
0.281256251,0.617478183,0,1,0,0
0.232414009,0.837680194,0,1,0,0
0.288193916,0.156140095,1,0,0,0
0.281856371,0.391548962,1,0,0,0
0.286216424,0.214097823,1,0,0,0
0.282256451,0.178618677,1,0,0,0
0.282456491,0.132484108,1,0,0,0
0.277769309,0.888899146,0,1,0,0
0.263430828,0.563372567,1,0,0,0
0.283606138,0.075967226,1,0,0,0
0.292922902,0.297557959,1,0,0,0
0.37732886,0.679557957,0,1,0,0
0.289856568,0.121282939,0,0,1,0
0.207137213,0.690310878,0,1,0,0
0.402972146,0.589759272,0,1,0,0
0.284256851,0.499492234,1,0,0,0
0.281646386,0.136701216,1,0,0,0
0.358086329,0.694337814,0,1,0,0
0.284856971,0.559506757,0,1,0,0
0.285057011,0.308311668,1,0,0,0
0.26473898,0.971958778,0,1,0,0
0.285457091,0.352767199,1,0,0,0
0.285657131,0.123496893,1,0,0,0
0.285857171,0.430291741,1,0,0,0
0.286057211,0.459746506,1,0,0,0
0.307994799,0.868644972,0,1,0,0
0.295260975,0.382030944,1,0,0,0
0.274929756,0.189662974,1,0,0,0
0.257345444,0.9473799,0,1,0,0
0.287057411,0.050241376,0,0,1,0
0.247775263,1.066822805,0,1,0,0
0.285485995,0.111791455,1,0,0,0
0.287657532,0.56484969,0,1,0,0
0.287857572,0.041220793,0,0,1,0
0.290925287,0.326050528,1,0,0,0
0.281362987,0.738191435,0,1,0,0
0.389230419,0.575689636,0,1,0,0
0.267488868,0.915521957,0,1,0,0
0.288857772,0.85718161,0,1,0,0
0.294853015,0.20516364,1,0,0,0
0.241565244,1.007929448,0,1,0,0
0.308406738,0.819306747,0,1,0,0
0.289657932,0.75060739,0,1,0,0
0.304118131,0.885841138,0,1,0,0
0.290058012,0.415655844,1,0,0,0
0.250402402,0.196258656,1,0,0,0
0.400027843,0.540577723,0,1,0,0
0.290658132,0.761973772,0,1,0,0
0.290858172,0.193312785,1,0,0,0
0.291058212,0.015976956,0,0,1,0
0.294806581,0.379064727,1,0,0,0
0.258510873,0.1103257,1,0,0,0
0.321336743,0.458192616,1,0,0,0
0.291858372,0.892025678,0,1,0,0
0.292058412,0.418689084,1,0,0,0
0.297678246,0.349818087,1,0,0,0
0.292458492,0.587039848,0,1,0,0
0.30473305,0.391798851,1,0,0,0
0.322663816,0.782911295,0,1,0,0
0.294858428,0.424342701,1,0,0,0
0.294415031,0.540275907,0,1,0,0
0.293458692,0.772369783,0,1,0,0
0.298534616,0.329811561,1,0,0,0
0.294356119,0.492497227,1,0,0,0
0.268206471,1.016875862,0,1,0,0
0.313148873,0.715688053,0,1,0,0
0.251113999,0.818506344,0,1,0,0
0.294658932,0.510834675,1,0,0,0
0.303976108,0.933582704,0,0,0,1
0.295059012,0.686090871,0,1,0,0
0.391109724,0.618993787,0,1,0,0
0.295459092,0.528143579,1,0,0,0
0.295659132,0.625085486,0,1,0,0
0.29710381,0.484053184,0,1,0,0
0.350201477,0.753218817,0,1,0,0
0.296259252,0.047210845,0,0,1,0
0.295657841,0.027681919,1,0,0,0
0.33280199,0.491362938,1,0,0,0
0.302428344,0.837710853,0,1,0,0
0.404130149,0.628804074,0,1,0,0
0.233817036,0.712893675,0,1,0,0
0.293580768,0.161207936,1,0,0,0
0.297659532,0.045033657,0,0,1,0
0.237227782,0.783612705,0,1,0,0
0.298059612,0.948792431,0,1,0,0
0.298259652,0.199952941,1,0,0,0
0.314299156,0.348628684,1,0,0,0
0.298659732,0.550012019,0,1,0,0
0.298859772,0.96663314,0,0,0,1
0.299059812,0.780290195,0,1,0,0
0.299259852,0.405619925,1,0,0,0
0.299786501,0.369416856,1,0,0,0
0.299659932,0.969891491,0,0,0,1
0.299982144,0.317568608,1,0,0,0
0.273407502,0.833301983,0,1,0,0
0.334601544,0.691835769,0,1,0,0
0.272867561,0.19728499,1,0,0,0
0.300660132,0.719077478,0,1,0,0
0.295678507,0.942664254,0,1,0,0
0.301850479,-0.076331758,1,0,0,0
0.310878378,0.750968883,0,1,0,0
0.301460292,0.234091052,1,0,0,0
0.338630086,0.741139478,0,1,0,0
0.301795253,0.547058965,0,1,0,0
0.302060412,0.558643369,0,1,0,0
0.302260452,0.024449678,0,0,1,0
0.302460492,0.119374974,1,0,0,0
0.303421093,0.547865641,1,0,0,0
0.342736784,0.679873876,0,1,0,0
0.298141727,0.286965705,1,0,0,0
0.303260652,0.3439117,1,0,0,0
0.285472954,0.151425715,1,0,0,0
0.303660732,0.135462967,1,0,0,0
0.301579968,0.378726925,1,0,0,0
0.282839026,0.694804511,0,1,0,0
0.304260852,0.412804034,1,0,0,0
0.30324484,0.508959839,0,1,0,0
0.304660932,0.703961546,0,1,0,0
0.304860972,0.43648807,1,0,0,0
0.315815922,0.333829208,1,0,0,0
0.322931057,0.689399956,0,1,0,0
0.302559392,0.183014125,1,0,0,0
0.298589456,0.203707745,1,0,0,0
0.33267193,0.401949714,1,0,0,0
0.30289604,0.431271921,0,1,0,0
0.311654244,0.572349229,1,0,0,0
0.306461292,0.059321138,1,0,0,0
0.315722439,0.698538523,0,1,0,0
0.301568853,0.263845336,1,0,0,0
0.269913138,0.263439944,1,0,0,0
0.307261452,0.598588523,0,1,0,0
0.358148236,0.632471598,0,1,0,0
0.307661532,0.96484882,0,0,0,1
0.307861572,0.099002679,1,0,0,0
0.308061612,0.825132084,0,1,0,0
0.308261652,0.362641471,1,0,0,0
0.304107,0.430211967,0,1,0,0
0.318648811,0.843179948,0,1,0,0
0.308861772,0.326089531,1,0,0,0
0.313792525,0.646266144,1,0,0,0
0.309261852,0.975147369,0,0,0,1
0.309461892,0.931213846,0,1,0,0
0.309661932,0.848057164,0,1,0,0
0.309861972,0.168240244,1,0,0,0
0.310062012,0.966210257,0,0,0,1
0.202599306,0.852461819,0,1,0,0
0.310462092,0.850066248,0,1,0,0
0.312381462,0.340780295,1,0,0,0
0.310862172,0.333258043,1,0,0,0
0.328142369,0.636342522,0,1,0,0
0.308950067,0.09383517,0,0,1,0
0.308655215,0.175772904,1,0,0,0
0.315697314,0.013757703,1,0,0,0
0.287946932,1.142016576,0,0,0,1
0.312062412,0.733002353,0,1,0,0
0.428752042,0.600972589,0,1,0,0
0.312462492,0.391159124,1,0,0,0
0.312662533,0.428166046,1,0,0,0
0.312862573,0.047522408,0,0,1,0
0.313062613,0.225827843,1,0,0,0
0.313262653,0.976076505,0,0,0,1
0.311953625,0.164934803,1,0,0,0
0.313662733,0.164512119,1,0,0,0
0.313862773,0.882283162,0,1,0,0
0.314062813,0.907047693,0,1,0,0
0.325074585,0.891029114,0,1,0,0
0.297724976,0.280688644,1,0,0,0
0.314662933,0.750970888,0,1,0,0
0.344889856,0.486178255,1,0,0,0
0.315063013,0.138958225,1,0,0,0
0.326477951,0.034927762,1,0,0,0
0.322225261,-0.095384801,0,0,1,0
0.306330448,0.21744991,1,0,0,0
0.218503104,0.823192648,0,1,0,0
0.239964042,0.799157635,0,1,0,0
0.325155041,0.654072576,1,0,0,0
0.316463293,0.302639448,1,0,0,0
0.316663333,0.646686789,0,1,0,0
0.304994146,0.368457488,1,0,0,0
0.335091717,0.749920747,0,1,0,0
0.314383643,0.052793339,0,0,1,0
0.347584713,0.72532638,0,1,0,0
0.237936031,0.895870187,0,1,0,0
0.323283822,0.217639934,1,0,0,0
0.340631389,0.45772148,1,0,0,0
0.330482456,0.364538606,1,0,0,0
0.310408903,1.047205662,0,0,0,1
0.315735137,0.447735155,1,0,0,0
0.318863773,0.958438958,0,1,0,0
0.319063813,0.200310213,1,0,0,0
0.319263853,0.557768413,0,1,0,0
0.322240443,0.745252596,0,1,0,0
0.302246906,0.011604122,1,0,0,0
0.335489376,0.639168348,1,0,0,0
0.327142507,0.414625269,1,0,0,0
0.311344048,0.172769653,1,0,0,0
0.339263178,0.381615442,1,0,0,0
0.317212121,0.971325209,0,1,0,0
0.338447922,0.731039267,0,1,0,0
0.314667585,0.501631385,0,1,0,0
0.326600085,0.715280637,0,1,0,0
0.321464293,0.908038395,0,1,0,0
0.305400623,0.353353031,1,0,0,0
0.340725871,0.381622424,1,0,0,0
0.309046589,0.937473017,0,1,0,0
0.266017188,0.871259679,0,1,0,0
0.322464493,0.791388208,0,1,0,0
0.322664533,0.470474467,1,0,0,0
0.322864573,0.970077899,0,0,0,1
0.323064613,0.672367337,0,1,0,0
0.323264653,0.11721599,1,0,0,0
0.344110418,0.7448742,0,1,0,0
0.323664733,0.198259454,1,0,0,0
0.302366001,0.784368884,0,1,0,0
0.334914913,0.404697891,1,0,0,0
0.324264853,0.343285998,1,0,0,0
0.220462468,0.938248788,0,1,0,0
0.324664933,0.820897318,0,1,0,0
0.350268776,0.545958454,1,0,0,0
0.325065013,0.493705474,1,0,0,0
0.303846308,0.213637897,1,0,0,0
0.321026427,0.569808549,0,1,0,0
0.310562832,1.035354019,0,1,0,0
0.294744889,0.665691172,0,1,0,0
0.269579529,0.814234576,0,1,0,0
0.399196727,0.666056596,0,1,0,0
0.367916163,0.7070069,0,1,0,0
0.262277584,0.886895622,0,1,0,0
0.263549615,0.881963471,0,1,0,0
0.329583424,0.839559694,0,1,0,0
0.321357749,0.399302651,1,0,0,0
0.263241773,0.893883586,0,1,0,0
0.325046901,0.136180073,1,0,0,0
0.327865573,0.826962753,0,1,0,0
0.300650723,1.038649754,0,1,0,0
0.330730767,-0.009110454,0,0,1,0
0.373826281,0.728110305,0,1,0,0
0.405866723,0.659615883,0,1,0,0
0.320744035,1.018731463,0,1,0,0
0.25093425,0.703826699,0,1,0,0
0.33898629,0.092230605,1,0,0,0
0.340802877,0.841206717,0,1,0,0
0.329665933,0.904704526,0,1,0,0
0.329865973,0.458768893,1,0,0,0
0.330066013,0.630600736,0,1,0,0
0.320152402,0.494031693,0,1,0,0
0.330466093,0.427178887,1,0,0,0
0.35961993,-0.039059643,1,0,0,0
0.330866173,0.374116904,1,0,0,0
0.331066213,0.5204749,1,0,0,0
0.290394973,0.723061053,0,1,0,0
0.315898942,0.172785607,0,0,1,0
0.233970634,0.95573931,0,1,0,0
0.345444818,0.538207912,1,0,0,0
0.352621198,0.508364272,1,0,0,0
0.316343981,0.431272319,0,1,0,0
0.318259634,0.872295257,0,1,0,0
0.340666569,0.36874314,1,0,0,0
0.325665856,0.924032816,0,1,0,0
0.228350058,0.917215311,0,1,0,0
0.443371405,0.654244508,0,1,0,0
0.333466693,0.981229557,0,0,0,1
0.355019748,-0.043862888,1,0,0,0
0.333866773,0.648904298,0,1,0,0
0.334066813,0.527438315,1,0,0,0
0.320706922,0.277235616,1,0,0,0
0.314746987,0.19677373,1,0,0,0
0.318265396,0.189610691,1,0,0,0
0.330696171,0.969847808,0,1,0,0
0.335067013,0.231562728,1,0,0,0
0.335267053,0.318877529,1,0,0,0
0.321392957,0.460284309,0,1,0,0
0.356778195,0.517331332,1,0,0,0
0.26807957,0.863754808,0,1,0,0
0.354963574,0.492771664,1,0,0,0
0.317964805,0.167226414,0,0,1,0
0.256398736,0.761897508,0,1,0,0
0.336667333,0.899693425,0,1,0,0
0.30252681,0.289412579,1,0,0,0
0.278692565,0.816055812,0,1,0,0
0.335013126,0.358804823,1,0,0,0
0.337467493,0.022010047,0,0,1,0
0.365238338,0.560337196,1,0,0,0
0.344751049,0.338561977,1,0,0,0
0.338067614,0.121148857,1,0,0,0
0.34008989,0.380620258,1,0,0,0
0.349454434,0.328669938,1,0,0,0
0.359623688,0.773096853,0,1,0,0
0.343920805,0.655674215,0,1,0,0
0.315671968,0.370639066,1,0,0,0
0.325078011,0.451162351,1,0,0,0
0.346115766,0.599366272,0,1,0,0
0.352653011,0.809687209,0,1,0,0
0.339867974,0.229063801,1,0,0,0
0.330506395,0.826295793,0,1,0,0
0.345379242,0.626069686,0,1,0,0
0.332447192,0.048639842,1,0,0,0
0.340668134,0.432251104,1,0,0,0
0.349500048,0.313999049,1,0,0,0
0.341068214,0.043350946,0,0,1,0
0.376117422,-0.020238404,1,0,0,0
0.343274583,0.735352703,0,1,0,0
0.362529252,0.654681074,1,0,0,0
0.371966047,0.042182873,1,0,0,0
0.312285827,0.235121695,1,0,0,0
0.342268454,0.746705659,0,1,0,0
0.257820169,0.7860006,0,1,0,0
0.337184069,0.453294334,1,0,0,0
0.342868574,0.00299178,0,0,1,0
0.318254815,0.386116689,1,0,0,0
0.283439661,0.899489032,0,1,0,0
0.35121896,0.308863893,1,0,0,0
0.358063621,0.715483515,0,1,0,0
0.355419921,0.778899774,0,1,0,0
0.341325146,0.225513828,1,0,0,0
0.34500381,0.26135809,1,0,0,0
0.338555165,0.17326851,1,0,0,0
0.341817987,0.16210347,1,0,0,0
0.37130285,-0.075677594,1,0,0,0
0.297070457,0.309892075,1,0,0,0
0.344431367,1.010305244,0,0,0,1
0.346668534,0.680503325,0,1,0,0
0.35466582,0.499241753,1,0,0,0
0.260534333,0.923244,0,1,0,0
0.346069214,0.241794553,1,0,0,0
0.344735922,0.220916126,1,0,0,0
0.347268506,0.300276801,1,0,0,0
0.33632221,0.140391283,1,0,0,0
0.346869374,0.726426907,0,1,0,0
0.347069414,0.524093861,1,0,0,0
0.351932726,0.303393342,1,0,0,0
0.351325121,0.905180543,0,1,0,0
0.346261198,0.219381388,1,0,0,0
0.354051329,0.869246224,0,1,0,0
0.255183936,0.875378367,0,1,0,0
0.348789375,0.095594294,1,0,0,0
0.356547774,0.361918301,1,0,0,0
0.356309006,0.475232778,1,0,0,0
0.419232593,0.607006769,0,1,0,0
0.320703002,0.878453106,0,1,0,0
0.349269854,0.307412505,1,0,0,0
0.380976228,0.619970088,1,0,0,0
0.356203793,0.367096569,1,0,0,0
0.349869974,0.315751174,1,0,0,0
0.367119022,0.011966673,1,0,0,0
0.275579361,0.794072674,0,1,0,0
0.350371094,0.549210135,0,1,0,0
0.350670134,0.536062654,1,0,0,0
0.386086024,-0.025495843,1,0,0,0
0.322927575,0.356392876,1,0,0,0
0.35569258,0.577949895,0,1,0,0
0.351470294,0.797518655,0,1,0,0
0.341934979,1.068761804,0,1,0,0
0.356585616,0.304724047,1,0,0,0
0.321173883,0.213817883,1,0,0,0
0.352270454,0.443764474,1,0,0,0
0.352033915,0.021291268,0,0,1,0
0.349735917,1.024623658,0,1,0,0
0.345524063,0.56716712,0,1,0,0
0.327682797,0.763315498,0,1,0,0
0.353270654,0.218543962,1,0,0,0
0.422630404,0.669680932,0,1,0,0
0.359291294,0.812100725,0,1,0,0
0.353870774,0.251298532,1,0,0,0
0.356331993,0.310803841,1,0,0,0
0.341504811,0.453993712,1,0,0,0
0.290784953,0.844864228,0,1,0,0
0.372799493,0.75014711,0,1,0,0
0.399268714,-0.022342127,1,0,0,0
0.355071014,0.524068898,1,0,0,0
0.316585517,0.233727962,1,0,0,0
0.348284447,0.887665084,0,1,0,0
0.35432225,1.034317784,0,0,0,1
0.318343906,0.843829238,0,1,0,0
0.356071214,0.596306355,0,1,0,0
0.354697053,0.926516741,0,1,0,0
0.35523718,0.142921733,1,0,0,0
0.356671334,0.359044273,1,0,0,0
0.365365655,0.539172774,1,0,0,0
0.361748973,0.657495892,0,1,0,0
0.360768412,0.617756189,0,1,0,0
0.353564613,0.113977325,1,0,0,0
0.300826779,0.301961206,1,0,0,0
0.35223722,0.743052461,0,1,0,0
0.396566057,0.709089952,0,1,0,0
0.36176373,0.831061093,0,1,0,0
0.358471694,0.828480817,0,1,0,0
0.341142689,0.524517055,0,1,0,0
0.307002026,0.313249638,1,0,0,0
0.359071814,0.719585424,0,1,0,0
0.362162163,0.014558119,0,0,1,0
0.364033233,0.799964158,0,1,0,0
0.361320115,0.30072183,1,0,0,0
0.363420453,0.395597928,1,0,0,0
0.337102606,0.456754021,0,1,0,0
0.383118566,0.076163184,1,0,0,0
0.355764421,0.827867817,0,1,0,0
0.361659565,0.880361507,0,1,0,0
0.289434321,0.910155107,0,1,0,0
0.269328728,0.787138022,0,1,0,0
0.427506368,0.57976985,0,1,0,0
0.334593391,0.176759888,1,0,0,0
0.402945166,0.79148119,0,1,0,0
0.460268303,0.709565899,0,1,0,0
0.362072414,0.675291679,0,1,0,0
0.362272454,0.753005879,0,1,0,0
0.359751688,0.278819495,1,0,0,0
0.267652547,0.995174335,0,1,0,0
0.363438457,0.25872968,1,0,0,0
0.365151141,0.845012964,0,1,0,0
0.361242499,0.245533928,1,0,0,0
0.400823208,0.503657166,1,0,0,0
0.395185777,0.642310465,0,1,0,0
0.364396208,0.958509722,0,0,0,1
0.357063594,0.579571365,0,1,0,0
0.363473871,0.689408262,0,1,0,0
0.296823048,0.84631652,0,1,0,0
0.390703861,0.451097028,1,0,0,0
0.364872975,0.421103515,1,0,0,0
0.364257363,0.132626602,1,0,0,0
0.415902102,0.559589271,1,0,0,0
0.368111534,0.508108317,1,0,0,0
0.365673135,0.213257323,1,0,0,0
0.357605324,0.116872316,1,0,0,0
0.366858606,0.299885692,1,0,0,0
0.366273255,0.963592127,0,1,0,0
0.404230757,-0.132734605,0,0,1,0
0.367483272,0.337787409,1,0,0,0
0.367248275,0.222334263,1,0,0,0
0.36510904,0.240285442,1,0,0,0
0.367273455,0.501514676,1,0,0,0
0.367473495,0.626545657,0,1,0,0
0.336915551,0.41402002,1,0,0,0
0.367333001,0.578795509,0,1,0,0
0.369414947,0.533771577,1,0,0,0
0.446514121,0.519737988,1,0,0,0
0.368473695,0.899990883,0,1,0,0
0.364013571,0.110976884,1,0,0,0
0.372536015,0.603000269,0,1,0,0
0.369530798,0.487524933,1,0,0,0
0.369291425,0.92141702,0,1,0,0
0.369659055,0.34165026,1,0,0,0
0.354628486,0.094152297,0,0,1,0
0.411018094,0.794171149,0,1,0,0
0.370061143,0.844545857,0,1,0,0
0.338840888,0.366171953,1,0,0,0
0.370474095,0.752165212,0,1,0,0
0.370674135,0.738138827,0,1,0,0
0.370312973,0.534991587,1,0,0,0
0.371074215,0.642887856,0,1,0,0
0.371274255,0.274855681,1,0,0,0
0.371048493,0.405430849,1,0,0,0
0.371879942,0.955096709,0,1,0,0
0.371874375,0.509458763,1,0,0,0
0.372074415,0.651606273,0,1,0,0
0.372522165,0.261594553,1,0,0,0
0.372474495,0.122500495,1,0,0,0
0.372674535,0.45855906,1,0,0,0
0.366196361,0.88641128,0,1,0,0
0.373074615,0.555703461,0,1,0,0
0.373359824,0.244096921,1,0,0,0
0.421357557,0.692272274,0,1,0,0
0.472399876,0.651990826,0,1,0,0
0.399946451,0.757879951,0,1,0,0
0.372794167,0.357011907,1,0,0,0
0.37454047,0.978317391,0,1,0,0
0.376451102,0.566385033,0,1,0,0
0.373585467,0.296917029,1,0,0,0
0.374874975,0.391025031,1,0,0,0
0.375075015,0.094736653,1,0,0,0
0.484474293,0.576586204,0,1,0,0
0.464579009,0.751950052,0,1,0,0
0.373787507,0.43637253,1,0,0,0
0.42133715,0.790525498,0,1,0,0
0.374072467,0.416611951,1,0,0,0
0.376275255,0.776236232,0,1,0,0
0.376475295,0.269019224,1,0,0,0
0.379275262,1.135503014,0,0,0,1
0.376875375,0.707740528,0,1,0,0
0.377075415,0.48486584,1,0,0,0
0.373813619,0.789501436,0,1,0,0
0.377475495,0.403025422,1,0,0,0
0.403720988,0.757933368,0,1,0,0
0.377875575,0.2322811,1,0,0,0
0.350948982,0.514441747,0,1,0,0
0.368456235,0.867408553,0,1,0,0
0.416180381,0.701724907,0,1,0,0
0.321006139,0.346556258,1,0,0,0
0.378875775,0.958251603,0,1,0,0
0.379075815,0.786764138,0,1,0,0
0.378651972,0.528317484,1,0,0,0
0.366012778,0.890901123,0,1,0,0
0.379675935,0.420872695,1,0,0,0
0.379875975,0.196631943,1,0,0,0
0.380076015,0.812365663,0,1,0,0
0.416868486,0.014596757,1,0,0,0
0.380476095,0.663543454,0,1,0,0
0.31175094,0.317849247,1,0,0,0
0.381784827,0.242010386,1,0,0,0
0.360829926,0.417224331,1,0,0,0
0.381276255,0.625356616,0,1,0,0
0.469861262,0.673969846,0,1,0,0
0.379034148,0.425659242,1,0,0,0
0.381876375,0.222555961,1,0,0,0
0.413416274,0.56573021,1,0,0,0
0.382276455,0.990315558,0,0,0,1
0.382476495,0.707383649,0,1,0,0
0.408257332,0.620345972,0,1,0,0
0.380635582,0.354283913,1,0,0,0
0.3786454,0.861148749,0,0,0,1
0.383276655,0.56574401,0,1,0,0
0.383476695,0.963032979,0,1,0,0
0.383676735,0.961968779,0,1,0,0
0.48259995,0.668703386,0,1,0,0
0.384076815,0.008649033,0,0,1,0
0.381187826,0.441390412,1,0,0,0
0.370785246,0.096121361,0,0,1,0
0.390290777,0.039254131,1,0,0,0
0.384876975,0.322429764,1,0,0,0
0.385293644,0.209960103,1,0,0,0
0.450471554,0.053103856,1,0,0,0
0.385477095,0.097160154,1,0,0,0
0.385677135,0.018592012,0,0,1,0
0.383525153,0.310976431,1,0,0,0
0.390019273,0.671873355,0,1,0,0
0.415925763,0.714779635,0,1,0,0
0.386477295,0.806186308,0,1,0,0
0.474929508,0.043931435,1,0,0,0
0.38742883,0.942503557,0,1,0,0
0.387077415,0.173808319,1,0,0,0
0.387095852,0.285999242,1,0,0,0
0.391917998,0.682165884,0,1,0,0
0.393331202,0.727382077,0,1,0,0
0.376585835,0.068741147,0,0,1,0
0.388818765,0.804241193,0,1,0,0
0.426529285,0.654893999,0,1,0,0
0.389276503,0.178675638,1,0,0,0
0.387236713,0.906115426,0,1,0,0
0.393081626,0.243748307,1,0,0,0
0.389077816,0.121312136,1,0,0,0
0.389277856,0.570962646,0,1,0,0
0.389477896,0.876619144,0,1,0,0
0.384356326,0.389974159,1,0,0,0
0.38935609,0.937672595,0,1,0,0
0.390018058,0.932686473,0,1,0,0
0.424497383,0.532361302,1,0,0,0
0.390478096,0.585074068,0,1,0,0
0.346996071,0.413408005,1,0,0,0
0.390878176,0.276209151,1,0,0,0
0.393820074,0.441076431,1,0,0,0
0.356861295,0.463902247,0,1,0,0
0.386839851,0.905085682,0,0,0,1
0.391678336,0.204621562,1,0,0,0
0.377472117,0.100259223,0,0,1,0
0.4009903,0.17639519,1,0,0,0
0.392278456,0.003958674,0,0,1,0
0.345747813,0.811289479,0,1,0,0
0.401404675,1.00759053,0,1,0,0
0.392878576,0.359012254,1,0,0,0
0.396262276,0.783450289,0,1,0,0
0.393278656,0.096835152,1,0,0,0
0.384941843,0.805246404,0,1,0,0
0.411865161,-0.057132833,0,0,1,0
0.393878776,0.288268598,1,0,0,0
0.428630381,0.63872772,0,1,0,0
0.322934823,0.326140908,1,0,0,0
0.409909533,0.679680122,0,1,0,0
0.401821771,1.083869869,0,0,0,1
0.428760187,0.788479529,0,1,0,0
0.395079016,0.550231179,0,1,0,0
0.403169874,0.746171671,0,1,0,0
0.395479096,0.074578203,1,0,0,0
0.471791798,0.48973774,1,0,0,0
0.49205118,0.570132057,0,1,0,0
0.396079216,0.926309447,0,1,0,0
0.396279256,0.87546431,0,1,0,0
0.425525135,0.609521512,0,1,0,0
0.405608093,0.070681025,1,0,0,0
0.396879376,0.542835341,0,1,0,0
0.345340752,0.166175304,0,0,1,0
0.397279456,0.809551643,0,1,0,0
0.421985574,-0.014959904,0,0,1,0
0.40909018,0.461799106,1,0,0,0
0.338281182,0.209581888,0,0,1,0
0.398079616,0.152829624,1,0,0,0
0.446778192,0.776850536,0,1,0,0
0.386739764,0.411769307,1,0,0,0
0.408092792,0.125395431,1,0,0,0
0.398879776,0.126517132,1,0,0,0
0.420899218,0.150543335,1,0,0,0
0.362161538,0.175790214,1,0,0,0
0.399479896,0.058358378,0,0,1,0
0.441357065,0.113608511,1,0,0,0
0.333324632,0.256517711,1,0,0,0
0.400080016,0.607257668,0,1,0,0
0.40318101,0.162260909,1,0,0,0
0.318170997,0.889617241,0,1,0,0
0.446445428,0.657055448,0,1,0,0
0.341615811,0.193608198,0,0,1,0
0.401080216,0.212533751,1,0,0,0
0.455411879,-0.044422757,1,0,0,0
0.401480296,0.406527494,1,0,0,0
0.374429787,0.137345926,1,0,0,0
0.414864419,1.138606584,0,0,0,1
0.411269,1.009328298,0,1,0,0
0.395248978,0.407713356,1,0,0,0
0.402480496,0.356362654,1,0,0,0
0.393981379,0.396328548,1,0,0,0
0.413571305,0.670473427,0,1,0,0
0.36339925,0.912445446,0,1,0,0
0.403280656,0.773688675,0,1,0,0
0.446747916,0.75613171,0,1,0,0
0.403680736,0.709596384,0,1,0,0
0.399654399,0.739214229,0,1,0,0
0.313576755,0.313133566,1,0,0,0
0.393375527,0.114439169,1,0,0,0
0.441197252,0.479764019,1,0,0,0
0.424505566,-0.031154197,0,0,1,0
0.404880976,0.099600076,1,0,0,0
0.4593013,-0.040768256,1,0,0,0
0.402429416,0.45329983,1,0,0,0
0.380950209,0.076575986,0,0,1,0
0.405681136,0.832697635,0,1,0,0
0.405881176,0.84512951,0,1,0,0
0.408127271,0.67058385,0,1,0,0
0.450500702,0.788529072,0,1,0,0
0.404526478,0.343017359,1,0,0,0
0.406681336,0.420682888,1,0,0,0
0.348018174,0.906769426,0,1,0,0
0.408403979,0.658447222,0,1,0,0
0.399100901,0.374486773,1,0,0,0
0.499683574,0.678383327,0,1,0,0
0.407681536,0.07149919,0,0,1,0
0.46964381,-0.109712383,0,0,1,0
0.411712,0.174494495,1,0,0,0
0.392536238,0.814891708,0,1,0,0
0.398919452,0.307090055,1,0,0,0
0.408681736,0.772514014,0,1,0,0
0.420662494,0.21052188,1,0,0,0
0.409081816,0.728543433,0,1,0,0
0.362439938,0.207608384,1,0,0,0
0.409481896,0.086181974,1,0,0,0
0.428444742,0.822888836,0,1,0,0
0.415311249,0.558859154,0,1,0,0
0.410082016,0.243365106,1,0,0,0
0.435661445,0.745081401,0,1,0,0
0.410482096,0.320077208,1,0,0,0
0.355755358,0.205909013,1,0,0,0
0.406110411,0.871756804,0,1,0,0
0.33135233,0.99297584,0,1,0,0
0.435636441,0.495847024,1,0,0,0
0.394869952,0.907579372,0,1,0,0
0.411682336,0.060487835,0,0,1,0
0.411882376,0.356968437,1,0,0,0
0.412082416,0.876233449,0,1,0,0
0.479093084,0.43585639,1,0,0,0
0.412482496,0.640781744,0,1,0,0
0.333119414,0.253777556,1,0,0,0
0.409523436,0.926334404,0,1,0,0
0.413082617,0.686099021,0,1,0,0
0.397601298,0.349428231,1,0,0,0
0.444701558,-0.063237625,0,0,1,0
0.441306909,0.0298613,1,0,0,0
0.347743062,0.232644611,1,0,0,0
0.421927372,0.172585912,1,0,0,0
0.444881423,0.0186929,1,0,0,0
0.414482897,0.929072024,0,1,0,0
0.421916711,0.987062526,0,1,0,0
0.444228884,0.013600457,0,0,1,0
0.415083017,0.995275302,0,0,0,1
0.337638011,0.851220668,0,1,0,0
0.470743971,0.713680897,0,1,0,0
0.331593123,0.93567984,0,1,0,0
0.338182687,0.817140285,0,1,0,0
0.405894487,0.731747612,0,1,0,0
0.416283257,0.917898485,0,1,0,0
0.416483297,0.765242161,0,1,0,0
0.390588345,0.548032929,0,1,0,0
0.416883377,0.914060809,0,1,0,0
0.392423682,0.471429183,1,0,0,0
0.457492857,0.685529518,0,1,0,0
0.417483497,0.307827571,1,0,0,0
0.425182681,0.165304368,1,0,0,0
0.420752709,0.949120976,0,1,0,0
0.445443391,0.476606195,1,0,0,0
0.389555468,0.508743172,0,1,0,0
0.413364841,0.615056371,0,1,0,0
0.448678879,0.736962189,0,1,0,0
0.382541323,0.924454245,0,1,0,0
0.545069568,0.466815654,1,0,0,0
0.365370491,0.220158379,1,0,0,0
0.416609119,0.944997144,0,1,0,0
0.419683937,0.335519137,1,0,0,0
0.397334195,0.440353234,1,0,0,0
0.413202577,0.944757502,0,0,0,1
0.426876378,1.019947097,0,0,0,1
0.420484097,0.395807006,1,0,0,0
0.430364499,0.194889259,1,0,0,0
0.441832787,0.231370416,1,0,0,0
0.423909478,0.361943276,1,0,0,0
0.434367135,0.990404944,0,1,0,0
0.431125825,0.278959547,1,0,0,0
0.453816937,0.557999137,1,0,0,0
0.421884377,0.793833442,0,1,0,0
0.470385222,0.713964653,0,1,0,0
0.404166513,0.582039894,0,1,0,0
0.357635115,0.35288859,1,0,0,0
0.401385834,0.460387251,1,0,0,0
0.422884577,0.152102902,1,0,0,0
0.423084617,0.080515928,0,0,1,0
0.418880223,0.129297716,1,0,0,0
0.305123805,0.303589823,1,0,0,0
0.414398207,0.417932262,1,0,0,0
0.414090617,0.531452032,0,1,0,0
0.424084817,0.154142402,1,0,0,0
0.448432791,1.147940742,0,0,0,1
0.433188713,0.037465509,0,0,1,0
0.477502966,0.63971508,0,1,0,0
0.441822432,0.784042544,0,1,0,0
0.438080752,1.085786418,0,0,0,1
0.505823759,0.005862973,1,0,0,0
0.501215195,0.765903416,0,1,0,0
0.425685137,0.075799171,0,0,1,0
0.43209596,1.034948413,0,0,0,1
0.512990429,-0.057350736,1,0,0,0
0.396105369,0.782412475,0,1,0,0
0.416911675,0.876208022,0,1,0,0
0.426685337,0.896896539,0,1,0,0
0.425388169,0.98832665,0,0,0,1
0.325924914,0.326168842,1,0,0,0
0.39161265,0.36832428,1,0,0,0
0.442041901,0.735335486,0,1,0,0
0.353717314,0.836085047,0,1,0,0
0.408550646,0.362279538,1,0,0,0
0.428085617,0.676842911,0,1,0,0
0.448340634,1.112651574,0,0,0,1
0.428485697,0.898370065,0,1,0,0
0.375027948,0.427475811,0,1,0,0
0.400105574,0.480849788,0,1,0,0
0.402109151,0.914272729,0,1,0,0
0.419944978,0.279753733,1,0,0,0
0.407770078,0.435952689,1,0,0,0
0.509805508,-0.051252678,0,0,1,0
0.429885977,0.343265668,1,0,0,0
0.430086017,0.164451005,1,0,0,0
0.410589777,0.357080392,1,0,0,0
0.315710687,0.310328711,1,0,0,0
0.424853739,0.949712104,0,0,0,1
0.430886177,0.125773251,1,0,0,0
0.429239305,0.057648677,0,0,1,0
0.431286257,0.204225904,1,0,0,0
0.431486297,0.337349936,1,0,0,0
0.400418052,0.122981985,0,0,1,0
0.473200731,0.742562701,0,1,0,0
0.44659782,0.436058334,1,0,0,0
0.440071728,1.043054057,0,0,0,1
0.477192378,-0.016188378,0,0,1,0
0.425966567,0.558338065,0,1,0,0
0.432886577,0.447739359,1,0,0,0
0.318089004,0.313666731,1,0,0,0
0.335588146,0.271751209,1,0,0,0
0.495725445,0.600774459,0,1,0,0
0.370320894,0.454857008,0,1,0,0
0.430523206,0.769626468,0,1,0,0
0.434086817,0.758073486,0,1,0,0
0.434286857,0.24396876,1,0,0,0
0.440953924,0.672553767,0,1,0,0
0.421427029,0.55994645,0,1,0,0
0.433624403,0.582057627,0,1,0,0
0.473372756,0.750276994,0,1,0,0
0.435287057,0.100701392,1,0,0,0
0.391416347,0.166840799,1,0,0,0
0.435687137,0.7892956,0,1,0,0
0.431110299,0.849628721,0,1,0,0
0.436087217,0.028821982,0,0,1,0
0.384034705,0.176857966,1,0,0,0
0.436487297,0.663660809,0,1,0,0
0.498700676,-0.071967375,0,0,1,0
0.436887377,0.835015287,0,1,0,0
0.419953319,0.838278975,0,1,0,0
0.437287457,0.57791955,0,1,0,0
0.437487497,0.779411593,0,1,0,0
0.441418637,0.036201021,0,0,1,0
0.357278419,0.223042234,1,0,0,0
0.480057692,0.565501312,1,0,0,0
0.403993272,0.495113343,0,1,0,0
0.438487698,0.252927487,1,0,0,0
0.502990068,0.720896478,0,1,0,0
0.438887778,0.439833917,1,0,0,0
0.469274345,0.238221857,1,0,0,0
0.439287858,0.886489172,0,1,0,0
0.435735527,0.227982422,1,0,0,0
0.439687938,0.194860296,1,0,0,0
0.396750131,0.493783901,0,1,0,0
0.320776589,0.317032843,1,0,0,0
0.36229494,0.202258044,0,0,1,0
0.440488098,0.903625701,0,1,0,0
0.423861813,0.330391007,1,0,0,0
0.440888178,0.896393969,0,1,0,0
0.528755884,0.5584834,1,0,0,0
0.471189507,0.10616713,1,0,0,0
0.532304842,0.057363507,1,0,0,0
0.423045995,0.854389966,0,1,0,0
0.36095395,1.025558427,0,1,0,0
0.432886104,0.829859837,0,1,0,0
0.472339027,0.527942867,1,0,0,0
0.452623163,0.000828326,0,0,1,0
0.442688538,0.31200409,1,0,0,0
0.494286036,0.709797857,0,1,0,0
0.481319513,0.428983152,1,0,0,0
0.443288658,0.73091276,0,1,0,0
0.502359211,0.744222428,0,1,0,0
0.488951908,0.429596119,1,0,0,0
0.368713903,0.81683811,0,1,0,0
0.444088818,0.253584756,1,0,0,0
0.444288858,0.519940974,0,1,0,0
0.414668684,0.387954125,1,0,0,0
0.37871444,0.839277515,0,1,0,0
0.444888978,0.736113304,0,1,0,0
0.395277046,0.123018195,0,0,1,0
0.47931292,0.571160898,0,1,0,0
0.526279609,0.675327746,0,1,0,0
0.537308499,0.082536702,1,0,0,0
0.48101258,0.035507946,0,0,1,0
0.424329165,0.373595291,1,0,0,0
0.446289258,0.036364918,0,0,1,0
0.439958748,0.089689831,0,0,1,0
0.44403797,0.236414171,1,0,0,0
0.352369967,0.810337654,0,1,0,0
0.447089418,0.947459775,0,1,0,0
0.46756407,1.023937293,0,1,0,0
0.531884865,0.65727054,0,1,0,0
0.447689538,0.763164592,0,1,0,0
0.437377836,0.803916336,0,1,0,0
0.410259332,0.856851877,0,1,0,0
0.455117327,0.76793456,0,1,0,0
0.439928728,0.116790476,1,0,0,0
0.43913339,0.512144102,0,1,0,0
0.374362722,0.971934892,0,1,0,0
0.449089818,0.931927795,0,1,0,0
0.473014937,0.379195236,1,0,0,0
0.461305788,0.762580188,0,1,0,0
0.420086112,0.410119952,1,0,0,0
0.449889978,0.826244169,0,1,0,0
0.450090018,0.154747928,1,0,0,0
0.432732846,0.882001167,0,1,0,0
0.453087709,0.975770376,0,0,0,1
0.463916822,0.298146381,1,0,0,0
0.450890178,0.092729193,0,0,1,0
0.428272431,0.06274142,0,0,1,0
0.482154818,-0.026255592,0,0,1,0
0.451490298,0.464185902,1,0,0,0
0.451690338,0.346779934,1,0,0,0
0.451890378,0.976576442,0,0,0,1
0.433903081,0.866014882,0,1,0,0
0.428717903,0.837685901,0,1,0,0
0.37486672,0.388585891,1,0,0,0
0.452690538,0.824769817,0,1,0,0
0.452890578,0.460714813,1,0,0,0
0.520867365,0.04184933,1,0,0,0
0.475437638,0.118300787,1,0,0,0
0.421110953,0.825629981,0,1,0,0
0.478062389,0.218272809,1,0,0,0
0.453890778,0.5832659,0,1,0,0
0.523216819,0.575734916,1,0,0,0
0.454290858,0.616476228,0,1,0,0
0.546422594,0.029816565,1,0,0,0
0.454690938,0.937222289,0,1,0,0
0.454890978,0.917012245,0,1,0,0
0.455091018,0.427944012,1,0,0,0
0.39417524,0.778611761,0,1,0,0
0.349568307,0.353748822,1,0,0,0
0.447280633,0.277615089,1,0,0,0
0.405343153,0.217274168,1,0,0,0
0.456091218,0.956552358,0,1,0,0
0.471758789,0.220122306,1,0,0,0
0.377998231,0.870108247,0,1,0,0
0.395949996,0.828423551,0,1,0,0
0.50677395,0.196292345,1,0,0,0
0.457091418,0.3684832,1,0,0,0
0.400161341,0.439667741,0,1,0,0
0.4164946,0.464504066,1,0,0,0
0.457691538,0.967131644,0,0,0,1
0.413107564,0.841720948,0,1,0,0
0.422338308,0.179565834,1,0,0,0
0.459696441,0.200042772,1,0,0,0
0.458491698,0.559818713,0,1,0,0
0.510721937,0.718765594,0,1,0,0
0.386760717,0.340546959,1,0,0,0
0.459091818,0.27648892,1,0,0,0
0.415087019,0.479398949,0,1,0,0
0.428051198,0.516183091,0,1,0,0
0.523565574,0.48487883,1,0,0,0
0.432124968,0.847014971,0,1,0,0
0.477107631,0.168840075,1,0,0,0
0.424263372,0.559839512,0,1,0,0
0.485825984,0.270307382,1,0,0,0
0.558039444,0.518603354,1,0,0,0
0.460892178,0.41719659,1,0,0,0
0.461092218,0.031911358,0,0,1,0
0.461292258,0.227999387,1,0,0,0
0.452172144,0.377806072,1,0,0,0
0.461692338,0.761773062,0,1,0,0
0.543998873,0.490601479,1,0,0,0
0.487223495,0.999820464,0,1,0,0
0.462292458,0.112963291,1,0,0,0
0.470389206,0.610367192,0,1,0,0
0.439097287,0.713028471,0,1,0,0
0.427006633,0.768021783,0,1,0,0
0.463092619,0.300111233,1,0,0,0
0.416518202,0.470422079,1,0,0,0
0.377632299,0.372539404,1,0,0,0
0.463692739,0.043526879,0,0,1,0
0.430734905,0.407964929,1,0,0,0
0.464092819,0.77188649,0,1,0,0
0.448485274,0.135776068,1,0,0,0
0.433780635,0.195036704,1,0,0,0
0.474133595,0.148500917,1,0,0,0
0.514645253,0.180396375,1,0,0,0
0.414371099,0.500077438,0,1,0,0
0.55983614,0.658949699,0,1,0,0
0.465493099,0.252410953,1,0,0,0
0.465693139,0.706087855,0,1,0,0
0.465893179,0.344540344,1,0,0,0
0.425411611,0.4877332,0,1,0,0
0.466293259,0.952873851,0,1,0,0
0.418595805,0.767790812,0,1,0,0
0.432315473,0.113793298,0,0,1,0
0.501977097,0.806153969,0,1,0,0
0.43668785,0.871993744,0,0,0,1
0.463693326,0.875556616,0,1,0,0
0.379033268,0.983965747,0,1,0,0
0.467693539,0.720094815,0,1,0,0
0.467893579,0.633866426,0,1,0,0
0.514201806,0.705996918,0,1,0,0
0.517151771,0.161557946,1,0,0,0
0.468493699,0.646701943,0,1,0,0
0.468693739,0.401036266,1,0,0,0
0.450695033,0.848366728,0,1,0,0
0.469093819,0.115195251,0,0,1,0
0.469293859,0.870582107,0,1,0,0
0.419731949,0.189027717,1,0,0,0
0.436343199,0.201742341,1,0,0,0
0.469893979,0.005210373,0,0,1,0
0.501804088,0.528911668,0,1,0,0
0.470294059,0.795274851,0,1,0,0
0.46113795,0.876315284,0,1,0,0
0.392417574,0.435068791,0,1,0,0
0.458290028,0.587383164,0,1,0,0
0.388722938,0.161378571,0,0,1,0
0.471294259,0.726446066,0,1,0,0
0.420656908,0.112380471,0,0,1,0
0.555980517,0.64827477,0,1,0,0
0.414220698,0.425216167,0,1,0,0
0.499189909,0.76557066,0,1,0,0
0.472294459,0.417413714,1,0,0,0
0.457470892,0.352547842,1,0,0,0
0.481583313,0.198582005,1,0,0,0
0.414420937,0.518778355,0,1,0,0
0.439561499,0.427010343,1,0,0,0
0.468818792,0.24214159,1,0,0,0
0.478566012,0.780761035,0,1,0,0
0.404319496,0.493852748,0,1,0,0
0.473894779,0.686201641,0,1,0,0
0.617674419,0.499665087,1,0,0,0
0.487173432,0.459785664,1,0,0,0
0.469590263,0.947001105,0,0,0,1
0.474694939,0.729091371,0,1,0,0
0.437797634,0.404589422,1,0,0,0
0.536863982,0.75215484,0,1,0,0
0.581935321,0.028223379,1,0,0,0
0.475495099,0.501621657,0,1,0,0
0.475695139,0.790880609,0,1,0,0
0.488729258,0.691715755,0,1,0,0
0.4526591,0.389288221,1,0,0,0
0.500380116,0.127930898,1,0,0,0
0.444442644,0.35933673,1,0,0,0
0.476695339,0.582085065,0,1,0,0
0.439364869,0.428384512,1,0,0,0
0.473903594,0.726677605,0,1,0,0
0.477295459,0.329131153,1,0,0,0
0.404006406,0.472996719,0,1,0,0
0.490031386,0.184271756,1,0,0,0
0.382981592,0.815796133,0,1,0,0
0.433286501,0.836123736,0,0,0,1
0.430724207,0.934470254,0,1,0,0
0.55849699,0.769649058,0,1,0,0
0.514540864,0.265247021,1,0,0,0
0.570878688,0.495014736,1,0,0,0
0.570928485,0.596105695,0,1,0,0
0.46514458,0.710970715,0,1,0,0
0.440700068,0.439366072,1,0,0,0
0.479695939,0.093000826,0,0,1,0
0.599767893,0.151665848,1,0,0,0
0.463777555,0.9393105,0,0,0,1
0.547173576,-0.075661994,0,0,1,0
0.440567698,0.204401844,1,0,0,0
0.480696139,0.412169633,1,0,0,0
0.439446988,0.424608214,1,0,0,0
0.443041568,0.550482401,0,1,0,0
0.511212926,0.159227926,1,0,0,0
0.61948433,0.433402028,1,0,0,0
0.519653343,1.056785511,0,1,0,0
0.456780589,0.318761401,1,0,0,0
0.563133523,-0.068737702,0,0,1,0
0.482296459,0.065333192,0,0,1,0
0.482496499,0.317952874,1,0,0,0
0.510504336,1.052291919,0,0,0,1
0.531305023,1.095665181,0,0,0,1
0.489994623,0.960888002,0,1,0,0
0.349126122,0.319512586,1,0,0,0
0.483496699,0.144325026,1,0,0,0
0.483696739,0.578024738,0,1,0,0
0.488970211,0.308392294,1,0,0,0
0.562324355,0.053960307,0,0,1,0
0.448042475,0.378114435,1,0,0,0
0.482516343,0.555665109,0,1,0,0
0.423654796,0.505580447,0,1,0,0
0.585092167,0.520980136,1,0,0,0
0.357672697,0.254325711,1,0,0,0
0.412566464,0.156167589,0,0,1,0
0.485497099,0.092473809,0,0,1,0
0.525318834,0.772974664,0,1,0,0
0.457440433,0.717066826,0,1,0,0
0.510760052,0.830904699,0,1,0,0
0.486297259,0.920960882,0,1,0,0
0.486497299,0.7791846,0,1,0,0
0.494466996,0.194669434,1,0,0,0
0.486897379,0.393060864,1,0,0,0
0.487097419,0.729546203,0,1,0,0
0.487297459,0.207744915,1,0,0,0
0.459099038,0.220459366,1,0,0,0
0.495098181,0.247971721,1,0,0,0
0.403492701,0.41828463,0,1,0,0
0.542315621,0.655337568,0,1,0,0
0.48829766,0.910281572,0,1,0,0
0.550463825,0.153768091,1,0,0,0
0.48869774,0.194845367,1,0,0,0
0.514481244,0.70434029,0,1,0,0
0.465941423,0.448470235,0,1,0,0
0.469613333,0.162430492,1,0,0,0
0.420943616,0.516694732,0,1,0,0
0.48969794,0.50835527,0,1,0,0
0.424275579,0.247776545,1,0,0,0
0.486753753,0.925706906,0,1,0,0
0.601334382,0.032073805,0,0,1,0
0.541644146,0.065605162,0,0,1,0
0.509455321,0.656451817,0,1,0,0
0.554484483,0.425694231,1,0,0,0
0.49109822,0.495031322,0,1,0,0
0.49129826,0.858197732,0,1,0,0
0.546428462,1.090773402,0,1,0,0
0.49169834,0.364208327,1,0,0,0
0.474595695,0.038905873,0,0,1,0
0.46408626,0.578895121,0,1,0,0
0.49229846,0.383861456,1,0,0,0
0.4924985,0.43641921,1,0,0,0
0.49269854,0.49683284,0,1,0,0
0.438874079,0.959340874,0,1,0,0
0.454065524,0.408510375,1,0,0,0
0.516316547,0.672662227,0,1,0,0
0.444497254,0.344045445,1,0,0,0
0.510034646,0.982264745,0,1,0,0
0.49389878,0.572374925,0,1,0,0
0.571183996,0.165350611,1,0,0,0
0.49429886,0.805807737,0,1,0,0
0.4944989,0.449746368,1,0,0,0
0.537079451,0.828176531,0,1,0,0
0.548668246,0.111327169,1,0,0,0
0.566287748,0.703518318,0,1,0,0
0.496076321,0.43234758,1,0,0,0
0.568565079,0.488776364,1,0,0,0
0.49569914,0.016125278,0,0,1,0
0.415019144,0.794485616,0,1,0,0
0.49609922,0.837489796,0,1,0,0
0.450081073,0.853699249,0,0,0,1
0.4964993,0.092884231,0,0,1,0
0.519318634,0.236424056,1,0,0,0
0.47794122,0.86483613,0,1,0,0
0.536656745,0.79459313,0,1,0,0
0.49729946,0.996406445,0,0,0,1
0.480665255,0.53185489,0,1,0,0
0.490710025,0.602031748,0,1,0,0
0.485555954,0.112506222,0,0,1,0
0.531175652,0.781749459,0,1,0,0
0.45755697,0.407954618,1,0,0,0
0.513063499,0.9613913,0,1,0,0
0.49869974,0.592512612,0,1,0,0
0.471360872,0.584701403,0,1,0,0
0.49909982,0.797775852,0,1,0,0
0.455055136,0.449377096,0,1,0,0
0.504163341,0.769783136,0,1,0,0
0.431772528,0.383273722,1,0,0,0
0.459066053,0.523253964,0,1,0,0
0.50010002,0.845492315,0,1,0,0
0.580977585,0.377333097,1,0,0,0
0.5005001,0.198039712,1,0,0,0
0.485564136,0.137296379,0,0,1,0
0.427916354,0.264777996,1,0,0,0
0.50110022,0.732951905,0,1,0,0
0.50130026,0.597895386,0,1,0,0
0.454398367,0.437601046,1,0,0,0
0.50170034,0.857443287,0,1,0,0
0.50190038,0.813957468,0,1,0,0
0.624381405,0.582277194,0,1,0,0
0.50230046,0.350071053,1,0,0,0
0.5025005,0.362496189,1,0,0,0
0.498372988,0.639657393,0,1,0,0
0.50290058,0.002839191,0,0,1,0
0.391516715,0.253265083,1,0,0,0
0.576683799,0.177944702,1,0,0,0
0.5035007,0.208186343,1,0,0,0
0.50370074,0.546657592,0,1,0,0
0.50390078,0.62522104,0,1,0,0
0.50709029,1.001563282,0,0,0,1
0.502318756,0.987438017,0,0,0,1
0.5045009,0.730088526,0,1,0,0
0.431654187,0.829129172,0,1,0,0
0.50490098,0.176010923,1,0,0,0
0.426212887,0.906053842,0,1,0,0
0.594822619,0.751523627,0,1,0,0
0.54090274,0.113876761,0,0,1,0
0.568732577,0.689308106,0,1,0,0
0.478125418,0.950512432,0,1,0,0
0.50610122,0.295462966,1,0,0,0
0.530009066,1.002188766,0,0,0,1
0.425432373,0.451086486,0,1,0,0
0.50670134,0.69177194,0,1,0,0
0.597980149,0.065063758,0,0,1,0
0.451918231,0.832495413,0,0,0,1
0.50730146,0.117709364,0,0,1,0
0.5075015,0.98574175,0,0,0,1
0.443473214,0.405547819,0,1,0,0
0.535455818,0.19203152,1,0,0,0
0.517188966,0.865987212,0,1,0,0
0.50830166,0.612077959,0,1,0,0
0.493558736,0.948029377,0,0,0,1
0.483575197,0.345276876,1,0,0,0
0.50890178,0.178765917,1,0,0,0
0.595935137,0.209967668,1,0,0,0
0.47294474,0.589177454,0,1,0,0
0.5095019,0.744838673,0,1,0,0
0.534950573,0.599054285,0,1,0,0
0.50990198,0.061928223,0,0,1,0
0.51010202,0.138732626,0,0,1,0
0.613657051,0.563108079,0,1,0,0
0.384197941,0.349795144,1,0,0,0
0.530457033,1.041829076,0,0,0,1
0.51090218,0.940239786,0,1,0,0
0.51110222,0.191545233,1,0,0,0
0.620537508,-0.048026917,0,0,1,0
0.423918944,0.944931083,0,1,0,0
0.475992559,0.739712058,0,1,0,0
0.51190238,0.400046567,1,0,0,0
0.51210242,0.042249611,0,0,1,0
0.550760713,0.667328863,0,1,0,0
0.478664574,0.203787984,1,0,0,0
0.468906967,0.065529628,0,0,1,0
0.512902581,0.492443013,0,1,0,0
0.609582514,0.595324198,0,1,0,0
0.513302661,0.666182357,0,1,0,0
0.513502701,0.836098325,0,1,0,0
0.513702741,0.657262535,0,1,0,0
0.542545932,-0.038859442,0,0,1,0
0.539921238,0.730363267,0,1,0,0
0.514302861,0.166235011,0,0,1,0
0.514502901,0.029721189,0,0,1,0
0.514702941,0.275720871,1,0,0,0
0.558381168,0.518004158,0,1,0,0
0.515103021,0.272021108,1,0,0,0
0.515303061,0.535161514,0,1,0,0
0.507617639,0.025593872,0,0,1,0
0.515703141,0.434606442,0,1,0,0
0.488504917,0.357670476,1,0,0,0
0.556166149,0.206381505,1,0,0,0
0.589515427,0.178983728,1,0,0,0
0.395486954,0.391490203,0,1,0,0
0.516703341,0.234777804,1,0,0,0
0.567866207,0.210202853,1,0,0,0
0.517103421,0.618365946,0,1,0,0
0.521051292,0.389320995,1,0,0,0
0.517503501,0.215359451,1,0,0,0
0.517703541,0.284027862,1,0,0,0
0.580184901,0.603016643,0,1,0,0
0.518103621,0.221961623,1,0,0,0
0.662752811,0.469474699,1,0,0,0
0.515066451,0.285474572,1,0,0,0
0.518703741,0.897961176,0,1,0,0
0.649009235,0.429476468,1,0,0,0
0.477406986,0.55358599,0,1,0,0
0.622445031,-0.078174352,0,0,1,0
0.610569169,0.735126528,0,1,0,0
0.563528908,0.411743274,1,0,0,0
0.621401134,0.455850098,1,0,0,0
0.622573383,0.545849921,0,1,0,0
0.520304061,0.169251946,0,0,1,0
0.570796289,0.031976357,0,0,1,0
0.576004225,0.764241485,0,1,0,0
0.532232941,1.001265309,0,0,0,1
0.521104221,0.598061008,0,1,0,0
0.580710578,-0.023379254,0,0,1,0
0.474276544,0.870050376,0,0,0,1
0.444626002,0.230530068,1,0,0,0
0.607380451,0.687801897,0,1,0,0
0.603952649,0.399149386,1,0,0,0
0.522304461,0.527824666,0,1,0,0
0.522504501,0.015584575,0,0,1,0
0.596819904,0.456807218,0,1,0,0
0.522904581,0.221212532,1,0,0,0
0.417031585,0.426477063,0,1,0,0
0.412075118,0.364497802,0,1,0,0
0.618168934,0.657970005,0,1,0,0
0.524757212,0.636247001,0,1,0,0
0.47289213,0.829497814,0,1,0,0
0.567765214,0.241956941,1,0,0,0
0.457857365,0.429526473,1,0,0,0
0.428389344,0.337783831,1,0,0,0
0.524704941,0.994741607,0,0,0,1
0.431976869,0.261375268,1,0,0,0
0.546487269,0.738150436,0,1,0,0
0.418411217,0.401590004,0,1,0,0
0.447552815,0.994854276,0,1,0,0
0.624791466,0.246853281,1,0,0,0
0.493891603,0.27797946,1,0,0,0
0.526105221,0.426586125,0,1,0,0
0.655748557,0.425116865,1,0,0,0
0.526505301,0.601236774,0,1,0,0
0.585575921,-0.060229348,0,0,1,0
0.526905381,0.430412188,0,1,0,0
0.527105421,0.671865022,0,1,0,0
0.395079327,0.361145875,0,1,0,0
0.48247049,0.979158972,0,1,0,0
0.433290218,0.463336843,0,1,0,0
0.636446996,0.222449771,1,0,0,0
0.401195767,0.351983948,0,1,0,0
0.56776236,0.699987977,0,1,0,0
0.528505701,0.810465294,0,1,0,0
0.593407396,0.685155796,0,1,0,0
0.635709157,-0.094087413,0,0,1,0
0.529105821,0.213010291,1,0,0,0
0.529305861,0.907389361,0,1,0,0
0.527446581,0.799039231,0,1,0,0
0.586411259,0.216765346,1,0,0,0
0.529905981,0.609442088,0,1,0,0
0.521080071,0.840491597,0,1,0,0
0.530306061,0.504854268,0,1,0,0
0.547872141,1.040468777,0,0,0,1
0.530706141,0.23921114,1,0,0,0
0.56041375,0.78917716,0,1,0,0
0.573966554,0.679084308,0,1,0,0
0.531306261,0.76706334,0,1,0,0
0.537390039,0.278190854,1,0,0,0
0.521843361,0.621151792,0,1,0,0
0.475178884,0.351580404,1,0,0,0
0.647478827,0.57674275,0,1,0,0
0.532306461,0.857932221,0,1,0,0
0.532506501,0.831333026,0,1,0,0
0.546734489,0.195136381,0,0,1,0
0.494568854,0.553987518,0,1,0,0
0.489828871,0.894757816,0,0,0,1
0.533306661,0.747499103,0,1,0,0
0.533506701,0.422933808,0,1,0,0
0.533706741,0.10975097,0,0,1,0
0.533906781,0.849172614,0,1,0,0
0.629374688,0.106428822,0,0,1,0
0.455992394,0.77778034,0,1,0,0
0.510320835,0.238021035,1,0,0,0
0.534706941,0.197868046,0,0,1,0
0.534906981,0.918952532,0,1,0,0
0.535107021,0.279827948,1,0,0,0
0.500430396,0.767003653,0,1,0,0
0.535507101,0.938295884,0,0,0,1
0.591048179,0.614016845,0,1,0,0
0.56268946,0.098778072,0,0,1,0
0.618626635,0.613274379,0,1,0,0
0.636886602,0.739797123,0,1,0,0
0.536507301,0.619013105,0,1,0,0
0.450656914,0.201846419,0,0,1,0
0.541001606,0.627115135,0,1,0,0
0.537107421,0.474773951,0,1,0,0
0.517009224,0.730111207,0,1,0,0
0.487116081,0.112583747,0,0,1,0
0.537707542,0.67987073,0,1,0,0
0.537907582,0.758602034,0,1,0,0
0.574428869,0.474308417,0,1,0,0
0.538307662,0.960949653,0,0,0,1
0.393729688,0.292649877,1,0,0,0
0.575474574,0.084623196,0,0,1,0
0.577600486,0.187224411,0,0,1,0
0.556632181,0.46894726,0,1,0,0
0.441298601,0.471006176,0,1,0,0
0.539507902,0.231278894,1,0,0,0
0.40812569,0.320097867,1,0,0,0
0.543386614,0.631262585,0,1,0,0
0.540108022,0.466041486,0,1,0,0
0.646712712,0.166374479,0,0,1,0
0.565222694,0.774777865,0,1,0,0
0.582312995,0.225810032,1,0,0,0
0.540908182,0.175991962,0,0,1,0
0.547354838,0.870411765,0,1,0,0
0.541308262,0.938802307,0,0,0,1
0.595762562,0.677049868,0,1,0,0
0.498140656,0.360116164,0,1,0,0
0.536996894,0.900401572,0,1,0,0
0.542108422,0.68462807,0,1,0,0
0.462982408,0.490147893,0,1,0,0
0.542508502,0.466026413,0,1,0,0
0.551959331,0.843632358,0,1,0,0
0.6070326,1.072487595,0,0,0,1
0.489101154,0.990328403,0,1,0,0
0.645499816,0.608829721,0,1,0,0
0.543508702,0.361978962,0,1,0,0
0.60166503,0.758310889,0,1,0,0
0.543908782,0.941708254,0,0,0,1
0.475568948,0.220816913,0,0,1,0
0.544308862,0.760403329,0,1,0,0
0.544508902,0.669839351,0,1,0,0
0.544708942,0.632188779,0,1,0,0
0.544908982,0.962862532,0,0,0,1
0.589783224,0.70245857,0,1,0,0
0.545309062,0.500925375,0,1,0,0
0.552044095,0.885688594,0,1,0,0
0.545709142,0.12853393,0,0,1,0
0.536635142,0.107426029,0,0,1,0
0.546109222,0.852691416,0,1,0,0
0.57508725,0.69058771,0,1,0,0
0.542407123,0.853423755,0,1,0,0
0.599610119,0.472276873,0,1,0,0
0.546909382,0.726829573,0,1,0,0
0.547109422,0.561971362,0,1,0,0
0.615800986,0.764503276,0,1,0,0
0.515405545,0.948337291,0,1,0,0
0.407187799,0.331311194,0,1,0,0
0.588755505,0.020198882,0,0,1,0
0.577468056,0.018769833,0,0,1,0
0.47255955,0.960795334,0,1,0,0
0.466664289,0.497720333,0,1,0,0
0.535091989,0.606581475,0,1,0,0
0.548909782,0.206301843,0,0,1,0
0.537203337,0.950073496,0,0,0,1
0.413496853,0.327433988,0,1,0,0
0.438569464,0.651674831,0,1,0,0
0.481706343,0.115111957,0,0,1,0
0.549909982,0.578019057,0,1,0,0
0.550110022,0.909763987,0,1,0,0
0.567808098,0.751375434,0,1,0,0
0.52928574,0.256930329,0,0,1,0
0.648507894,0.394860593,0,1,0,0
0.542338522,0.484239107,0,1,0,0
0.551110222,0.7065289,0,1,0,0
0.486703528,0.650375803,0,1,0,0
0.500937438,0.505735325,0,1,0,0
0.45112755,0.631656966,0,1,0,0
0.705448483,0.693400071,0,1,0,0
0.505996922,0.949480761,0,1,0,0
0.511997578,0.700345112,0,1,0,0
0.60408597,0.674651451,0,1,0,0
0.552710542,0.375068719,0,1,0,0
0.571977887,0.220664937,0,0,1,0
0.628646048,0.714126623,0,1,0,0
0.553310662,0.887425121,0,1,0,0
0.643694775,0.006940762,0,0,1,0
0.605348292,0.759410802,0,1,0,0
0.6316057,0.645845892,0,1,0,0
0.474162133,0.418264952,0,1,0,0
0.554310862,0.654134025,0,1,0,0
0.507737137,0.863432685,0,0,0,1
0.554710942,0.223827933,0,0,1,0
0.502243103,0.16662016,0,0,1,0
0.589236809,0.501433811,0,1,0,0
0.547485912,0.154957061,0,0,1,0
0.49719986,0.417394464,0,1,0,0
0.685311148,0.450666149,0,1,0,0
0.555911182,0.134949414,0,0,1,0
0.617807847,0.044814417,0,0,1,0
0.541640944,0.135874873,0,0,1,0
0.556511302,0.02369005,0,0,1,0
0.556711342,0.260852419,0,0,1,0
0.620973226,0.351254511,0,1,0,0
0.64624921,0.725447295,0,1,0,0
0.666776617,0.448742119,0,1,0,0
0.49066689,0.200872829,0,0,1,0
0.519151263,0.94781961,0,1,0,0
0.569983277,0.81890321,0,1,0,0
0.431976259,0.410623536,0,1,0,0
0.629480691,0.118365104,0,0,1,0
0.429110827,0.358257873,0,1,0,0
0.440120581,0.354271235,0,1,0,0
0.410379962,0.352877133,0,1,0,0
0.455183277,0.34735273,0,1,0,0
0.615594908,0.77140499,0,1,0,0
0.559511902,0.802447948,0,1,0,0
0.518543477,0.26356709,0,0,1,0
0.559911982,0.404196161,0,1,0,0
0.592864809,0.028305937,0,0,1,0
0.560312062,0.576236563,0,1,0,0
0.560512102,0.757025575,0,1,0,0
0.487645655,0.279770243,0,0,1,0
0.610988456,1.017431039,0,0,0,1
0.462516359,0.180412035,0,0,1,0
0.532772659,0.702423405,0,1,0,0
0.582260476,0.763365282,0,1,0,0
0.570729661,0.184851789,0,0,1,0
0.561912382,0.325384929,0,0,1,0
0.565466975,0.233825999,0,0,1,0
0.518507791,0.39865532,0,1,0,0
0.483553316,0.964883761,0,1,0,0
0.562712543,0.249365774,0,0,1,0
0.548652706,0.370728367,0,1,0,0
0.563112623,0.671333605,0,1,0,0
0.563312663,0.966048286,0,0,0,1
0.615246159,0.722191731,0,1,0,0
0.563712743,0.828718233,0,1,0,0
0.725693169,0.655725271,0,1,0,0
0.547753865,0.866125346,0,1,0,0
0.564312863,0.878956222,0,1,0,0
0.487423349,0.306302368,0,0,1,0
0.504266726,0.620773008,0,1,0,0
0.581820083,0.503610085,0,1,0,0
0.553479909,0.359211164,0,1,0,0
0.565313063,0.066852673,0,0,1,0
0.565513103,0.391333307,0,1,0,0
0.565713143,0.900738659,0,1,0,0
0.649790259,-0.005411662,0,0,1,0
0.451457377,0.145707541,0,0,1,0
0.566313263,0.275613122,0,0,1,0
0.534536444,0.365674065,0,0,1,0
0.500096675,0.127673984,0,0,1,0
0.646703975,0.1879778,0,0,1,0
0.521134319,0.649562885,0,1,0,0
0.567313463,0.693216182,0,1,0,0
0.567513503,0.71388436,0,1,0,0
0.496338895,0.806890611,0,0,0,1
0.567913583,0.922740561,0,0,0,1
0.630392428,-0.020889998,0,0,1,0
0.568313663,0.339526145,0,1,0,0
0.578156913,0.675821479,0,1,0,0
0.568713743,0.311979324,0,0,1,0
0.568913783,0.082423534,0,0,1,0
0.569113823,0.489181365,0,1,0,0
0.569313863,0.979761292,0,0,0,1
0.601613958,0.31945035,0,1,0,0
0.569713943,0.5971624,0,1,0,0
0.569913983,0.458508756,0,1,0,0
0.602355062,0.820892178,0,1,0,0
0.62625768,0.640593151,0,1,0,0
0.63728894,0.749919855,0,1,0,0
0.570714143,0.909304865,0,0,0,1
0.570914183,0.191033563,0,0,1,0
0.428328716,0.634773084,0,1,0,0
0.583947462,0.968013555,0,0,0,1
0.571514303,0.982661927,0,0,0,1
0.492173477,0.849336265,0,0,0,1
0.670801805,0.498386742,0,1,0,0
0.436119569,0.634415763,0,1,0,0
0.656811544,0.960079757,0,1,0,0
0.572514503,0.918428178,0,0,0,1
0.572714543,0.179270712,0,0,1,0
0.572914583,0.294650383,0,0,1,0
0.492244942,0.442785321,0,1,0,0
0.590586629,0.955302291,0,0,0,1
0.600540628,0.293749101,0,0,1,0
0.716882042,0.188965598,0,0,1,0
0.546619111,0.383085216,0,1,0,0
0.710385756,0.222350373,0,0,1,0
0.574314863,0.544454486,0,1,0,0
0.620558648,0.289837054,0,1,0,0
0.558131079,0.665321805,0,1,0,0
0.591613216,0.404502654,0,1,0,0
0.575115023,0.710704096,0,1,0,0
0.513144896,0.748795404,0,1,0,0
0.599565483,0.404697828,0,1,0,0
0.515603014,0.441453237,0,1,0,0
0.59255395,0.611490165,0,1,0,0
0.687442894,0.255256576,0,1,0,0
0.51220797,0.485989973,0,1,0,0
0.592952449,0.360577742,0,1,0,0
0.576715343,0.795237531,0,1,0,0
0.568248654,0.442657519,0,1,0,0
0.577115423,0.607939543,0,1,0,0
0.577315463,0.091675324,0,0,1,0
0.558649867,0.451170976,0,1,0,0
0.577715543,0.890913111,0,1,0,0
0.577915583,0.76141257,0,1,0,0
0.578115623,0.607704,0,1,0,0
0.497512585,0.436455268,0,1,0,0
0.465881261,0.152953234,0,0,1,0
0.527907184,0.199681676,0,0,1,0
0.604250901,0.826722755,0,1,0,0
0.519648411,1.074344424,0,0,0,1
0.655348477,0.534387735,0,1,0,0
0.579515903,0.930690956,0,0,0,1
0.579715943,0.811468112,0,1,0,0
0.579915983,0.605570958,0,1,0,0
0.641957351,0.260131443,0,0,1,0
0.511873242,0.425135784,0,1,0,0
0.566486803,0.085335791,0,0,1,0
0.580716143,0.916525908,0,0,0,1
0.580916183,0.834345497,0,1,0,0
0.581116223,0.836229642,0,1,0,0
0.581316263,0.446351074,0,1,0,0
0.527855758,1.106666094,0,0,0,1
0.607961153,0.445229225,0,1,0,0
0.671224374,0.969871274,0,1,0,0
0.6684581,0.213231109,0,0,1,0
0.478219483,0.509802977,0,1,0,0
0.526780225,1.094189303,0,0,0,1
0.549472367,1.018357099,0,0,0,1
0.582916583,0.770576729,0,1,0,0
0.63433977,0.857670408,0,1,0,0
0.513787046,0.429353685,0,1,0,0
0.583516703,0.019570022,0,0,1,0
0.542837416,1.000024061,0,0,0,1
0.479594994,0.645870218,0,1,0,0
0.510462231,0.603761661,0,1,0,0
0.584316863,0.160089187,0,0,1,0
0.631734495,0.666975638,0,1,0,0
0.584716943,0.096646189,0,0,1,0
0.584916983,0.395495865,0,1,0,0
0.585117023,0.174596609,0,0,1,0
0.585317063,0.180343649,0,0,1,0
0.520078877,0.561021515,0,1,0,0
0.585717143,0.938442035,0,0,0,1
0.586083756,0.312465312,0,0,1,0
0.586117223,0.471603797,0,1,0,0
0.586317263,0.582841279,0,1,0,0
0.586517303,0.840755041,0,1,0,0
0.544259157,0.122385491,0,0,1,0
0.529533049,1.033500132,0,0,1,0
0.443873697,0.270040586,0,0,1,0
0.669309071,0.247603074,0,0,1,0
0.587517504,0.838056755,0,1,0,0
0.72231792,0.592454243,0,1,0,0
0.587917584,0.908615204,0,0,1,0
0.722059068,0.574983512,0,1,0,0
0.588317664,0.06718025,0,0,1,0
0.611469415,0.18308234,0,0,1,0
0.618134208,0.428396517,0,1,0,0
0.588917784,0.898812705,0,0,1,0
0.642466109,0.769535492,0,1,0,0
0.589317864,0.742040606,0,1,0,0
0.507188027,0.529809572,0,1,0,0
0.589717944,0.043230949,0,0,1,0
0.664128448,0.317240605,0,1,0,0
0.459265536,0.243494447,0,0,1,0
0.590318064,0.533496499,0,1,0,0
0.555197248,0.042466866,0,0,1,0
0.445430202,0.584098644,0,1,0,0
0.491870802,0.762989164,0,1,0,0
0.572555184,0.540502293,0,1,0,0
0.591318264,0.539458448,0,1,0,0
0.507717386,0.552580211,0,1,0,0
0.591718344,0.234705165,0,0,1,0
0.654443366,-0.025022042,0,0,1,0
0.592118424,0.282437061,0,0,1,0
0.457408773,0.678584324,0,1,0,0
0.652528385,0.943156384,0,1,0,0
0.567157663,0.376927417,0,0,1,0
0.592918584,0.214407007,0,0,1,0
0.620298922,0.431559335,0,1,0,0
0.593318664,0.496384759,0,1,0,0
0.61600753,0.200939979,0,0,1,0
0.501862931,0.116869992,0,0,1,0
0.593918784,0.325532712,0,0,1,0
0.665930435,0.24339334,0,0,1,0
0.535831785,0.250004967,0,0,1,0
0.634404036,0.407560866,0,1,0,0
0.594718944,0.1350351,0,0,1,0
0.594918984,0.774409971,0,1,0,0
0.607662205,0.206039593,0,0,1,0
0.504918593,0.567267402,0,1,0,0
0.614382373,0.421800244,0,1,0,0
0.595719144,0.136635757,0,0,1,0
0.655091107,0.767465809,0,1,0,0
0.584763874,0.216587591,0,0,1,0
0.596319264,0.944234501,0,0,0,1
0.646236007,0.134833999,0,0,1,0
0.596719344,0.281849714,0,0,1,0
0.511185866,0.421793374,0,0,1,0
0.628779581,0.66827361,0,1,0,0
0.597319464,0.269188714,0,0,1,0
0.699350024,0.507582,0,1,0,0
0.597719544,0.76484846,0,1,0,0
0.597919584,0.622642999,0,1,0,0
0.515020465,0.252518147,0,0,1,0
0.701306898,0.332616154,0,1,0,0
0.598519704,0.745002698,0,1,0,0
0.675066433,0.336301167,0,1,0,0
0.598919784,0.737134596,0,1,0,0
0.508885655,0.580253924,0,1,0,0
0.616108957,0.809151742,0,1,0,0
0.52666069,0.398617524,0,0,1,0
0.512723286,0.591892385,0,1,0,0
0.599919984,0.336080421,0,0,1,0
0.634318737,0.137665982,0,0,1,0
0.550984912,0.437146886,0,1,0,0
0.528667324,0.170324255,0,0,1,0
0.600720144,0.184615489,0,0,1,0
0.600920184,0.440647347,0,1,0,0
0.459154802,0.258200615,0,0,1,0
0.474364908,0.658469526,0,1,0,0
0.612998282,0.336349051,0,0,1,0
0.654869608,0.880784809,0,1,0,0
0.556235812,0.729701166,0,1,0,0
0.513757789,0.715980303,0,1,0,0
0.663393303,0.153652437,0,0,1,0
0.645744898,0.755528975,0,1,0,0
0.555832807,0.453635207,0,1,0,0
0.602920584,0.713165754,0,1,0,0
0.603120624,0.092250186,0,0,1,0
0.459473183,0.209618322,0,0,1,0
0.596078571,0.862715187,0,1,0,0
0.603720744,0.253721067,0,0,1,0
0.714440861,0.614172769,0,1,0,0
0.525863451,0.806230229,0,0,1,0
0.604320864,0.680206307,0,1,0,0
0.562071343,0.441320344,0,1,0,0
0.604720944,0.353175584,0,0,1,0
0.604920984,0.360057214,0,0,1,0
0.605121024,0.519235623,0,1,0,0
0.605321064,0.795709736,0,1,0,0
0.605521104,0.083361917,0,0,1,0
0.605721144,0.185911612,0,0,1,0
0.605921184,0.546174273,0,1,0,0
0.664261267,0.288218407,0,0,1,0
0.633700083,0.375233104,0,1,0,0
0.606521304,0.661296099,0,1,0,0
0.606721344,0.246931302,0,0,1,0
0.707377685,0.854285647,0,1,0,0
0.567141237,0.579603374,0,1,0,0
0.526000088,0.757354825,0,1,0,0
0.622655243,0.190498084,0,0,1,0
0.614928123,0.877460731,0,1,0,0
0.607921584,0.663326225,0,1,0,0
0.550745347,0.427807586,0,1,0,0
0.714605329,0.510481268,0,1,0,0
0.612455402,0.697626866,0,1,0,0
0.566940827,0.401955595,0,0,1,0
0.736272389,0.219319578,0,0,1,0
0.609121824,0.554188179,0,1,0,0
0.594697147,0.85688666,0,1,0,0
0.609521904,0.053563079,0,0,1,0
0.525752857,0.512750917,0,1,0,0
0.682319532,0.28062491,0,0,1,0
0.559577951,1.117752188,0,0,0,1
0.610322064,0.108438012,0,0,1,0
0.610522104,0.095555435,0,0,1,0
0.610722144,0.792162747,0,1,0,0
0.71370901,0.188995969,0,0,1,0
0.652596118,0.852898121,0,1,0,0
0.611322264,0.533064504,0,1,0,0
0.670164101,0.224516953,0,0,1,0
0.62100682,0.534461624,0,1,0,0
0.602136971,0.976305951,0,0,0,1
0.651247491,0.406084818,0,1,0,0
0.59122345,0.092921387,0,0,1,0
0.591022078,0.512620082,0,1,0,0
0.563839794,0.679474463,0,1,0,0
0.568075775,0.72335867,0,1,0,0
0.613122625,0.541250359,0,1,0,0
0.627444824,0.826682145,0,1,0,0
0.613522705,0.774064707,0,1,0,0
0.613722745,0.323009876,0,0,1,0
0.613922785,0.718728608,0,1,0,0
0.733219537,0.301059878,0,1,0,0
0.557610306,0.585527204,0,1,0,0
0.571620543,1.051455947,0,0,0,1
0.629284453,0.489381171,0,1,0,0
0.676069644,0.403278569,0,1,0,0
0.615123025,0.447288143,0,1,0,0
0.6273275,0.073860143,0,0,1,0
0.615523105,0.933048149,0,0,0,1
0.602423661,1.018778843,0,0,0,1
0.475284338,0.558313973,0,1,0,0
0.731483348,0.008120506,0,0,1,0
0.616323265,0.384986743,0,1,0,0
0.616523305,0.779546066,0,1,0,0
0.616723345,0.033211347,0,0,1,0
0.651206238,0.772212331,0,1,0,0
0.729067031,0.618428171,0,1,0,0
0.587435985,0.792648493,0,1,0,0
0.582132153,0.088294581,0,0,1,0
0.695248011,0.509921994,0,1,0,0
0.704904692,-0.003420263,0,0,1,0
0.50927178,0.142619945,0,0,1,0
0.575993481,0.166156733,0,0,1,0
0.759001787,0.073712693,0,0,1,0
0.582765793,1.015811569,0,0,0,1
0.696637917,0.891008194,0,1,0,0
0.604977683,0.14030993,0,0,1,0
0.531475347,0.405767393,0,0,1,0
0.619523905,0.763124264,0,1,0,0
0.619723945,0.153163828,0,0,1,0
0.741317331,0.920316926,0,1,0,0
0.620124025,0.390423961,0,1,0,0
0.620324065,0.83997057,0,1,0,0
0.747387038,0.661454216,0,1,0,0
0.644821906,0.400914648,0,1,0,0
0.620924185,0.437369531,0,1,0,0
0.531915638,0.41199671,0,0,1,0
0.614408693,0.542098553,0,1,0,0
0.621524305,0.108905081,0,0,1,0
0.56493637,1.087074507,0,0,0,1
0.612414641,1.025152643,0,0,0,1
0.622124425,0.679548481,0,1,0,0
0.628485492,0.81407764,0,1,0,0
0.596076778,0.988760871,0,0,1,0
0.622724545,0.810782209,0,1,0,0
0.525898218,0.726926655,0,1,0,0
0.480119235,0.686397685,0,1,0,0
0.499752984,0.557714708,0,1,0,0
0.73369424,0.876158702,0,1,0,0
0.623724745,0.029571589,0,0,1,0
0.64047373,0.597242367,0,1,0,0
0.635689865,0.701737657,0,1,0,0
0.718976922,0.493179729,0,1,0,0
0.696534638,0.553104405,0,1,0,0
0.708377449,0.345091739,0,1,0,0
0.624924985,0.578524892,0,1,0,0
0.625125025,0.844954263,0,1,0,0
0.495300464,0.538011575,0,1,0,0
0.631147392,0.696151548,0,1,0,0
0.470286023,0.638289482,0,1,0,0
0.625925185,0.35411152,0,0,1,0
0.490528227,0.230402495,0,0,1,0
0.601156389,0.585159144,0,1,0,0
0.626525305,0.012495664,0,0,1,0
0.637922385,0.202607641,0,0,1,0
0.626925385,0.0240489,0,0,1,0
0.524396204,0.145352549,0,0,1,0
0.512732356,0.132393572,0,0,1,0
0.63792232,0.915416356,0,0,0,1
0.505810301,0.495639782,0,1,0,0
0.637901177,0.582097259,0,1,0,0
0.75044377,0.964820683,0,1,0,0
0.587358399,0.803078616,0,1,0,0
0.628525705,0.611714652,0,1,0,0
0.668079707,0.493562023,0,1,0,0
0.664539192,0.259227505,0,0,1,0
0.503885935,0.634077558,0,1,0,0
0.504812797,0.695786712,0,1,0,0
0.682950315,0.814902795,0,0,0,1
0.651117605,0.226808498,0,0,1,0
0.631436952,0.103536674,0,0,1,0
0.606932879,0.083157495,0,0,1,0
0.753211267,-0.035022608,0,0,1,0
0.630526105,0.09370991,0,0,1,0
0.630726145,0.254741762,0,0,1,0
0.630926185,0.953354602,0,0,0,1
0.631126225,0.978700428,0,0,0,1
0.508568404,0.187818668,0,0,1,0
0.631526305,0.030648417,0,0,1,0
0.631726345,0.001953623,0,0,1,0
0.526157488,0.553300892,0,1,0,0
0.632126425,0.901363761,0,0,1,0
0.586232668,0.63384343,0,1,0,0
0.632526505,0.518075029,0,1,0,0
0.632726545,0.030845372,0,0,1,0
0.683449403,0.058189809,0,0,1,0
0.633126625,0.164657982,0,0,1,0
0.629964345,0.122290035,0,0,1,0
0.62326958,0.960351499,0,0,0,1
0.633726745,0.410062742,0,1,0,0
0.633926785,0.035615731,0,0,1,0
0.634126825,0.188692726,0,0,1,0
0.634326865,0.010027147,0,0,1,0
0.544385586,0.449825697,0,0,1,0
0.634726945,0.422520455,0,1,0,0
0.634926985,0.167805946,0,0,1,0
0.76047592,0.413853956,0,1,0,0
0.609915995,0.430031606,0,1,0,0
0.542423948,0.48771851,0,1,0,0
0.635727145,0.402741469,0,1,0,0
0.635927185,0.394306178,0,1,0,0
0.561847793,0.473438194,0,1,0,0
0.50040447,0.281861618,0,0,1,0
0.643237288,0.257115448,0,0,1,0
0.603497983,0.4168419,0,0,1,0
0.673768747,0.254984496,0,0,1,0
0.545145946,0.642405324,0,1,0,0
0.637327465,0.743718476,0,1,0,0
0.637527506,0.415775066,0,1,0,0
0.526743544,0.208175402,0,0,1,0
0.584056262,1.091053377,0,0,0,1
0.791363606,0.628477319,0,1,0,0
0.638327666,0.928940301,0,0,1,0
0.631134963,0.86338685,0,0,1,0
0.650161708,0.938812957,0,0,0,1
0.638927786,0.809352043,0,1,0,0
0.639127826,0.640639186,0,1,0,0
0.71115933,0.391916284,0,1,0,0
0.658296286,0.073657033,0,0,1,0
0.720258311,0.814840515,0,1,0,0
0.639927986,0.717036887,0,1,0,0
0.640128026,0.456504527,0,1,0,0
0.653934814,0.322666753,0,0,1,0
0.72783493,0.767648947,0,1,0,0
0.640728146,0.303825847,0,0,1,0
0.640928186,0.556828228,0,1,0,0
0.635496882,0.745078279,0,1,0,0
0.580378719,0.165523418,0,0,1,0
0.641528306,0.882246279,0,0,1,0
0.802177797,0.704231946,0,1,0,0
0.672140387,0.911688185,0,0,0,1
0.672302914,0.401473012,0,1,0,0
0.594883585,1.112198658,0,0,0,1
0.615388716,0.603861254,0,1,0,0
0.768052888,0.559420304,0,1,0,0
0.669335223,0.894705288,0,0,0,1
0.607491628,0.084882481,0,0,1,0
0.643328666,0.321979948,0,0,1,0
0.643528706,0.458793868,0,1,0,0
0.642704337,0.179681901,0,0,1,0
0.643928786,0.026608445,0,0,1,0
0.567630902,0.644245014,0,1,0,0
0.644328866,0.35123381,0,0,1,0
0.700155715,0.259019164,0,0,1,0
0.644728946,0.032355665,0,0,1,0
0.509739577,0.544682257,0,1,0,0
0.645129026,0.838998126,0,0,1,0
0.655287164,0.920760016,0,0,0,1
0.566654051,0.535469817,0,1,0,0
0.679360372,0.899967288,0,0,1,0
0.645929186,0.056885379,0,0,1,0
0.610063147,0.65656891,0,1,0,0
0.646329266,0.502687214,0,1,0,0
0.646529306,0.431200679,0,1,0,0
0.715806695,0.307479324,0,0,1,0
0.646929386,0.086802141,0,0,1,0
0.647129426,0.271054104,0,0,1,0
0.647329466,0.046824376,0,0,1,0
0.602249897,1.116614706,0,0,0,1
0.604632118,0.214138172,0,0,1,0
0.630010399,0.981755092,0,0,1,0
0.542435882,0.238515981,0,0,1,0
0.501711336,0.18699774,0,0,1,0
0.691175545,0.367914344,0,0,1,0
0.658525942,0.066392628,0,0,1,0
0.674161934,0.876715734,0,0,0,1
0.608419327,1.004840258,0,0,1,0
0.660021645,0.875640061,0,0,1,0
0.594111393,1.043573708,0,0,1,0
0.560162293,0.770051479,0,0,1,0
0.566746919,0.607290964,0,1,0,0
0.791820648,0.863654077,0,1,0,0
0.650330066,0.198573906,0,0,1,0
0.498819937,0.594145668,0,1,0,0
0.700628644,0.406098212,0,1,0,0
0.686191532,0.690982357,0,1,0,0
0.540442273,0.522091469,0,1,0,0
0.662064992,0.871338679,0,0,1,0
0.518336631,0.701259149,0,1,0,0
0.651730346,0.697419629,0,1,0,0
0.735905432,0.089467897,0,0,1,0
0.641281503,0.092933908,0,0,1,0
0.498904014,0.657770093,0,1,0,0
0.652530506,0.353649755,0,0,1,0
0.652730546,0.805457655,0,1,0,0
0.652930586,0.402691641,0,0,1,0
0.773202498,0.95918306,0,0,1,0
0.624496411,0.847772205,0,0,1,0
0.653530706,0.126248851,0,0,1,0
0.677637386,0.917062486,0,0,0,1
0.658840526,0.602419604,0,1,0,0
0.658350539,0.974511762,0,0,0,1
0.517772563,0.643999865,0,1,0,0
0.654530906,0.149042397,0,0,1,0
0.701083057,0.686827202,0,1,0,0
0.654930986,0.867660104,0,0,1,0
0.655131026,0.697811143,0,1,0,0
0.655331066,0.881289815,0,0,1,0
0.655531106,0.599197681,0,1,0,0
0.655731146,0.504091043,0,1,0,0
0.718031695,0.209467272,0,0,1,0
0.614380532,1.102387941,0,0,0,1
0.599818663,0.17625907,0,0,1,0
0.656531306,0.002227218,0,0,1,0
0.802617912,0.094591988,0,0,1,0
0.699950584,0.686962515,0,1,0,0
0.657131426,0.930683982,0,0,1,0
0.643867222,0.941618734,0,0,1,0
0.657531506,0.067548726,0,0,1,0
0.657731546,0.219184503,0,0,1,0
0.657931586,0.35601375,0,0,1,0
0.815241894,0.527602114,0,1,0,0
0.658331666,0.278703869,0,0,1,0
0.569731881,0.750975843,0,1,0,0
0.667264187,0.328588778,0,0,1,0
0.785004535,0.556820994,0,1,0,0
0.681712455,0.316975686,0,0,1,0
0.652350496,0.949102345,0,0,1,0
0.725037944,0.430588911,0,1,0,0
0.646992182,0.106367034,0,0,1,0
0.702279348,0.291302141,0,0,1,0
0.660132026,0.802631199,0,1,0,0
0.660332066,0.07886658,0,0,1,0
0.658204449,0.774304813,0,1,0,0
0.608305061,1.077254025,0,0,1,0
0.660932186,0.163952899,0,0,1,0
0.661132226,0.694956424,0,1,0,0
0.661332266,0.003866976,0,0,1,0
0.661532306,0.383477683,0,0,1,0
0.672967238,0.830537416,0,0,1,0
0.665061121,0.472983149,0,1,0,0
0.662132426,0.115446254,0,0,1,0
0.662332466,0.324546582,0,0,1,0
0.661722543,0.9366813,0,0,1,0
0.809712151,0.670075478,0,1,0,0
0.662932587,0.014189668,0,0,1,0
0.663132627,0.355566712,0,0,1,0
0.663332667,0.489416725,0,1,0,0
0.683399457,0.131133684,0,0,1,0
0.545416138,0.682875142,0,1,0,0
0.71500105,0.515229777,0,1,0,0
0.498654837,0.641982438,0,1,0,0
0.665755606,0.568533018,0,1,0,0
0.664532907,0.533204046,0,1,0,0
0.664732947,0.068380146,0,0,1,0
0.584790634,0.558814222,0,1,0,0
0.684118078,0.253823196,0,0,1,0
0.665333067,0.838511374,0,0,1,0
0.689649844,0.21682882,0,0,1,0
0.665733147,0.027238359,0,0,1,0
0.742205353,0.813315742,0,1,0,0
0.666133227,0.304761245,0,0,1,0
0.623427909,0.827893658,0,0,1,0
0.666533307,0.633385796,0,1,0,0
0.610428567,1.087535476,0,0,1,0
0.584874036,0.485141382,0,0,1,0
0.806937747,0.536510869,0,1,0,0
0.630356051,1.07394427,0,0,0,1
0.595243765,0.646901123,0,1,0,0
0.667733547,0.97073611,0,0,0,1
0.520217648,0.27230897,0,0,1,0
0.619935072,0.740317875,0,1,0,0
0.668333667,0.86478327,0,0,1,0
0.673398822,0.88887884,0,0,1,0
0.627010735,0.489885009,0,1,0,0
0.816991275,0.461734301,0,1,0,0
0.669133827,0.914547865,0,0,1,0
0.572538067,0.561182882,0,1,0,0
0.684442613,0.890917055,0,0,1,0
0.669733947,0.878803544,0,0,1,0
0.714618114,0.80305832,0,0,1,0
0.670134027,0.897428452,0,0,1,0
0.765231558,0.247655745,0,0,1,0
0.610647869,0.333371244,0,0,1,0
0.783751965,0.515416059,0,1,0,0
0.670934187,0.56060803,0,1,0,0
0.520396925,0.271127334,0,0,1,0
0.671334267,0.160964755,0,0,1,0
0.727707759,0.287818392,0,0,1,0
0.719288786,0.759858346,0,0,1,0
0.671934387,0.793778595,0,1,0,0
0.672134427,0.618501528,0,1,0,0
0.810544922,0.745500622,0,1,0,0
0.64501626,1.061443626,0,0,0,1
0.672734547,0.024725191,0,0,1,0
0.672934587,0.169436362,0,0,1,0
0.632020284,1.029998813,0,0,1,0
0.576164415,0.557172844,0,1,0,0
0.53864128,0.725412848,0,0,1,0
0.665882951,1.015611855,0,0,0,1
0.649371768,0.252311206,0,0,1,0
0.674134827,0.133240871,0,0,1,0
0.711681858,0.140030439,0,0,1,0
0.674534907,0.271783134,0,0,1,0
0.674734947,0.209730675,0,0,1,0
0.674934987,0.995443805,0,0,0,1
0.675135027,0.94986085,0,0,0,1
0.834960642,0.18945018,0,0,1,0
0.780559053,0.800746771,0,1,0,0
0.675735147,0.955781342,0,0,0,1
0.675935187,0.047146667,0,0,1,0
0.701404425,0.392323931,0,0,1,0
0.676335267,0.949956014,0,0,0,1
0.676535307,0.405797771,0,0,1,0
0.686981984,0.938995837,0,0,0,1
0.75782515,0.163985792,0,0,1,0
0.677135427,0.604336385,0,1,0,0
0.677335467,0.223585804,0,0,1,0
0.693437312,0.894093874,0,0,1,0
0.758455743,0.811441333,0,1,0,0
0.677935587,0.864345641,0,0,1,0
0.649404165,0.335197093,0,0,1,0
0.72262668,0.337414348,0,0,1,0
0.801903566,0.294885,0,0,1,0
0.678735747,0.013655259,0,0,1,0
0.678935787,0.782578771,0,1,0,0
0.608272161,0.365735155,0,0,1,0
0.538343625,0.674903795,0,1,0,0
0.629695555,0.22552501,0,0,1,0
0.679735947,0.08751199,0,0,1,0
0.67869547,0.394671512,0,0,1,0
0.612018367,0.46215639,0,0,1,0
0.642098589,0.473920317,0,0,1,0
0.718688117,0.104739345,0,0,1,0
0.736334255,0.881332871,0,0,1,0
0.680936187,0.327609762,0,0,1,0
0.676276455,0.773231038,0,1,0,0
0.681336267,0.564739808,0,1,0,0
0.652417499,0.746666078,0,1,0,0
0.821568455,0.177192529,0,0,1,0
0.681936387,0.154766112,0,0,1,0
0.682136427,0.7417983,0,1,0,0
0.682336467,0.088432054,0,0,1,0
0.816743037,0.151313568,0,0,1,0
0.684054222,0.929297889,0,0,1,0
0.791404673,0.279209744,0,0,1,0
0.683136627,0.295272579,0,0,1,0
0.668552087,0.526467553,0,1,0,0
0.795827256,0.418905732,0,1,0,0
0.683736747,0.113577787,0,0,1,0
0.687448177,0.944547073,0,0,0,1
0.69404076,0.627234641,0,1,0,0
0.684336867,0.086513557,0,0,1,0
0.684536907,0.669626878,0,1,0,0
0.785819675,0.312167626,0,0,1,0
0.531435295,0.255161226,0,0,1,0
0.686687651,0.55874826,0,1,0,0
0.685337067,0.765264408,0,1,0,0
0.660943349,0.825973956,0,0,1,0
0.755230441,0.460345611,0,1,0,0
0.607111619,0.589441,0,1,0,0
0.686137227,0.068525423,0,0,1,0
0.762230468,0.126981202,0,0,1,0
0.71798768,0.218521638,0,0,1,0
0.676269696,0.976213675,0,0,1,0
0.686937387,0.709388614,0,1,0,0
0.687137427,0.017045673,0,0,1,0
0.663176457,1.061494579,0,0,0,1
0.573990674,0.445010792,0,0,1,0
0.687737548,0.02120477,0,0,1,0
0.628822158,0.691743616,0,1,0,0
0.729910292,0.422660914,0,0,1,0
0.688337668,0.558160195,0,1,0,0
0.688537708,0.406472215,0,0,1,0
0.688737748,0.87147453,0,0,1,0
0.621135434,0.684852524,0,1,0,0
0.689137828,0.30333685,0,0,1,0
0.730322521,0.518327339,0,1,0,0
0.689537908,0.942486877,0,0,1,0
0.554112721,0.623654072,0,1,0,0
0.689937988,0.581733206,0,1,0,0
0.693831049,0.919018467,0,0,1,0
0.716169719,0.827906421,0,0,1,0
0.815974132,0.542883584,0,1,0,0
0.563153961,0.546738477,0,1,0,0
0.721258936,0.236085756,0,0,1,0
0.840695863,0.524793973,0,1,0,0
0.691338268,0.128632997,0,0,1,0
0.585026303,0.397524761,0,0,1,0
0.637860387,0.707359168,0,1,0,0
0.691938388,5.55E-06,0,0,1,0
0.692138428,0.046901899,0,0,1,0
0.673261476,0.331736057,0,0,1,0
0.789165153,0.779457519,0,1,0,0
0.684972539,0.997589069,0,0,0,1
0.747162061,0.211687581,0,0,1,0
0.693138628,0.056094712,0,0,1,0
0.61469128,0.457337602,0,0,1,0
0.693538708,0.749686293,0,1,0,0
0.80266157,0.89273517,0,0,1,0
0.575946462,0.734033377,0,0,1,0
0.690059207,0.550534536,0,1,0,0
0.808007806,0.398984126,0,0,1,0
0.679100092,0.993217684,0,0,1,0
0.694738948,0.785357646,0,0,1,0
0.694938988,0.009559729,0,0,1,0
0.846296831,0.11518804,0,0,1,0
0.709088577,0.259600524,0,0,1,0
0.585681761,0.523210707,0,0,1,0
0.772886778,0.137439788,0,0,1,0
0.69694438,0.306850543,0,0,1,0
0.543875436,0.662800558,0,1,0,0
0.668891629,1.059604626,0,0,0,1
0.696539308,0.080355876,0,0,1,0
0.696739348,0.156445565,0,0,1,0
0.675546,1.025986703,0,0,0,1
0.746501017,0.213092745,0,0,1,0
0.697339468,0.468793082,0,0,1,0
0.697539508,0.420534283,0,0,1,0
0.829245275,0.167907475,0,0,1,0
0.697939588,0.042839848,0,0,1,0
0.560840379,0.482345577,0,0,1,0
0.698339668,0.580607166,0,1,0,0
0.563556415,0.578463407,0,1,0,0
0.716645919,0.168449643,0,0,1,0
0.655444239,0.572975208,0,1,0,0
0.699139828,0.096892351,0,0,1,0
0.699339868,0.133887041,0,0,1,0
0.845405478,0.633688856,0,1,0,0
0.699739948,0.345133946,0,0,1,0
0.650783908,0.75062996,0,0,1,0
0.760174339,0.761315465,0,0,1,0
0.700340068,0.065166601,0,0,1,0
0.676699919,0.968518922,0,0,1,0
0.718626368,0.626349273,0,1,0,0
0.700940188,0.525243282,0,1,0,0
0.701140228,0.525811262,0,1,0,0
0.680240048,0.518350689,0,1,0,0
0.754743284,0.460196726,0,0,1,0
0.731077648,0.812832353,0,0,1,0
0.770657313,0.622729975,0,1,0,0
0.744183942,0.676000449,0,1,0,0
0.702340468,0.056970467,0,0,1,0
0.702540508,0.044057517,0,0,1,0
0.830332158,0.547788938,0,1,0,0
0.688165969,0.93525243,0,0,1,0
0.76456321,0.829370188,0,0,1,0
0.671120344,1.020374538,0,0,1,0
0.703540708,0.008766074,0,0,1,0
0.837848943,0.289829436,0,0,1,0
0.704185539,0.868686348,0,0,1,0
0.741748325,0.641754282,0,1,0,0
0.679902689,0.57735509,0,1,0,0
0.704540908,0.141247398,0,0,1,0
0.704740948,0.136248559,0,0,1,0
0.704940988,0.493749836,0,0,1,0
0.702734548,0.903177535,0,0,1,0
0.705341068,0.100642186,0,0,1,0
0.705541108,0.401869346,0,0,1,0
0.850319409,0.562006363,0,1,0,0
0.705941188,0.896374175,0,0,1,0
0.706141228,0.401697232,0,0,1,0
0.563184119,0.662353526,0,1,0,0
0.804010576,0.191492592,0,0,1,0
0.648354429,0.582972013,0,1,0,0
0.646578037,0.700138384,0,0,1,0
0.667001208,0.402831062,0,0,1,0
0.810847363,0.220475837,0,0,1,0
0.592647716,0.693525279,0,0,1,0
0.707741548,0.689407944,0,1,0,0
0.576881083,0.549091626,0,0,1,0
0.708141628,0.136472459,0,0,1,0
0.708341668,0.126425781,0,0,1,0
0.700085785,0.984443296,0,0,0,1
0.76512761,0.193899993,0,0,1,0
0.708941788,0.305882577,0,0,1,0
0.714410617,0.876297546,0,0,1,0
0.709341868,0.121728905,0,0,1,0
0.709541908,0.030565215,0,0,1,0
0.590157844,0.486086371,0,0,1,0
0.700576735,1.02499533,0,0,0,1
0.710142028,0.366136683,0,0,1,0
0.710342068,0.671489407,0,1,0,0
0.665150502,0.726880974,0,0,1,0
0.710742148,0.287831891,0,0,1,0
0.695128296,0.6684215,0,1,0,0
0.711142228,0.32015803,0,0,1,0
0.754858627,0.649273055,0,1,0,0
0.592094673,0.671282375,0,0,1,0
0.711742348,0.31540494,0,0,1,0
0.711942388,0.765313371,0,0,1,0
0.629384439,0.394998516,0,0,1,0
0.712342468,0.520921167,0,0,1,0
0.712542509,0.126294845,0,0,1,0
0.689177572,0.990797976,0,0,1,0
0.712942589,0.09260126,0,0,1,0
0.627016027,0.685703469,0,0,1,0
0.713342669,0.413964959,0,0,1,0
0.692714172,1.057818276,0,0,0,1
0.808402203,0.865451891,0,0,1,0
0.713942789,0.104944293,0,0,1,0
0.714142829,0.297630894,0,0,1,0
0.604939244,0.64466556,0,1,0,0
0.714542909,0.697207167,0,0,1,0
0.578616039,0.484739131,0,0,1,0
0.714942989,0.973138854,0,0,0,1
0.768636916,0.393681297,0,0,1,0
0.683583198,0.310861574,0,0,1,0
0.783093388,0.914691388,0,0,1,0
0.718438614,0.504499756,0,0,1,0
0.565747805,0.666964028,0,0,1,0
0.606220568,0.375476739,0,0,1,0
0.716343269,0.032577774,0,0,1,0
0.716543309,0.178273429,0,0,1,0
0.716743349,0.504554063,0,0,1,0
0.657999443,0.595115054,0,1,0,0
0.717143429,0.070092351,0,0,1,0
0.717343469,0.585645352,0,1,0,0
0.799090275,0.930892253,0,0,1,0
0.747174098,0.807706865,0,0,1,0
0.672853664,0.715568829,0,0,1,0
0.718143629,0.647960357,0,1,0,0
0.718343669,0.148431763,0,0,1,0
0.718543709,0.20921209,0,0,1,0
0.718743749,0.179963254,0,0,1,0
0.718943789,0.140194419,0,0,1,0
0.719143829,0.21194862,0,0,1,0
0.673104911,1.124931855,0,0,0,1
0.719543909,0.701551058,0,0,1,0
0.719743949,0.027547612,0,0,1,0
0.719943989,0.084948297,0,0,1,0
0.672008476,0.774144502,0,0,1,0
0.828684054,0.576504209,0,0,1,0
0.720544109,0.038678401,0,0,1,0
0.765211293,0.826600285,0,0,1,0
0.674945974,0.353933194,0,0,1,0
0.721144229,0.137597968,0,0,1,0
0.833778239,0.646584077,0,0,1,0
0.721544309,0.271396392,0,0,1,0
0.715133671,0.411626872,0,0,1,0
0.721944389,0.870594761,0,0,1,0
0.722144429,0.173838908,0,0,1,0
0.742470754,0.847293714,0,0,1,0
0.685893916,1.023459559,0,0,1,0
0.722744549,0.098753154,0,0,1,0
0.722944589,0.086258239,0,0,1,0
0.746966531,0.806886284,0,0,1,0
0.723344669,0.844538053,0,0,1,0
0.746231249,0.666608706,0,0,1,0
0.734330671,0.884155519,0,0,1,0
0.723944789,0.528022868,0,0,1,0
0.833760969,0.465146673,0,0,1,0
0.601378586,0.731343445,0,0,1,0
0.82049777,0.811783764,0,0,1,0
0.724744949,0.526013834,0,0,1,0
0.830206654,0.909620176,0,0,1,0
0.745764094,0.304375817,0,0,1,0
0.725345069,0.661721713,0,0,1,0
0.725545109,0.57754783,0,0,1,0
0.764379591,0.717708873,0,0,1,0
0.725945189,0.909327839,0,0,1,0
0.726145229,0.602702731,0,0,1,0
0.726345269,0.075000727,0,0,1,0
0.628935995,0.481920838,0,0,1,0
0.726745349,0.349651508,0,0,1,0
0.726945389,0.53212452,0,0,1,0
0.707800526,1.055846259,0,0,0,1
0.612791053,0.555536594,0,0,1,0
0.672852843,0.508834706,0,0,1,0
0.875001515,0.81593227,0,0,1,0
0.727945589,0.054975027,0,0,1,0
0.682617278,0.710529499,0,0,1,0
0.728345669,0.073697998,0,0,1,0
0.699019678,1.048717199,0,0,1,0
0.685913937,1.090673541,0,0,1,0
0.671583284,0.362457944,0,0,1,0
0.61181969,0.498608436,0,0,1,0
0.782484572,0.494137441,0,0,1,0
0.624541566,0.576398208,0,0,1,0
0.729745949,0.186522462,0,0,1,0
0.729945989,0.286376644,0,0,1,0
0.730146029,0.06667661,0,0,1,0
0.70203824,0.840677727,0,0,1,0
0.629122064,0.515745991,0,0,1,0
0.730746149,0.007485743,0,0,1,0
0.82173496,0.465769877,0,0,1,0
0.731146229,0.256783755,0,0,1,0
0.731346269,0.800310404,0,0,1,0
0.656188084,0.464940423,0,0,1,0
0.810060174,0.324540204,0,0,1,0
0.689322117,1.133199744,0,0,0,1
0.732146429,0.782076291,0,0,1,0
0.732346469,0.200487966,0,0,1,0
0.732546509,0.427523822,0,0,1,0
0.643434822,0.503835736,0,0,1,0
0.84885845,0.842175991,0,0,1,0
0.733146629,0.130813558,0,0,1,0
0.743074141,0.93315946,0,0,0,1
0.813339138,0.375890309,0,0,1,0
0.824978944,0.551024562,0,0,1,0
0.733946789,0.982115713,0,0,0,1
0.734146829,0.044323541,0,0,1,0
0.734346869,0.52879592,0,0,1,0
0.734546909,0.689261816,0,0,1,0
0.614269147,0.650820037,0,0,1,0
0.734946989,0.193939701,0,0,1,0
0.751619047,0.397840777,0,0,1,0
0.846198939,0.899595303,0,0,1,0
0.798564523,0.53955525,0,0,1,0
0.735747149,0.388767444,0,0,1,0
0.735947189,0.661083356,0,0,1,0
0.73072674,0.949027048,0,0,1,0
0.67175985,0.554367491,0,0,1,0
0.736547309,0.822220111,0,0,1,0
0.736747349,0.331509935,0,0,1,0
0.730689376,0.408386723,0,0,1,0
0.737147429,0.163521034,0,0,1,0
0.825298558,0.462463703,0,0,1,0
0.774898054,0.810890008,0,0,1,0
0.73774755,0.93440091,0,0,1,0
0.73794759,0.15421633,0,0,1,0
0.687435723,0.503430806,0,0,1,0
0.776023006,0.751598328,0,0,1,0
0.73854771,0.001900955,0,0,1,0
0.73874775,0.810034021,0,0,1,0
0.73894779,0.249593621,0,0,1,0
0.866165793,0.221914691,0,0,1,0
0.73934787,0.695964204,0,0,1,0
0.808585381,0.408034223,0,0,1,0
0.721267381,0.656189513,0,0,1,0
0.770453919,0.827625299,0,0,1,0
0.74014803,0.831069277,0,0,1,0
0.717715937,1.041547148,0,0,1,0
0.739285106,0.588451462,0,0,1,0
0.670273709,0.575009713,0,0,1,0
0.753257737,0.948057876,0,0,0,1
0.74114823,0.976825678,0,0,0,1
0.811100589,0.262700066,0,0,1,0
0.887566358,0.586703732,0,0,1,0
0.74174835,0.074205015,0,0,1,0
0.726984394,0.809391597,0,0,1,0
0.74214843,0.892478427,0,0,1,0
0.747202121,0.802688832,0,0,1,0
0.74254851,0.547019205,0,0,1,0
0.591395404,0.721992539,0,0,1,0
0.805648145,0.858600094,0,0,1,0
0.797249467,0.359468444,0,0,1,0
0.617938508,0.595922899,0,0,1,0
0.74354871,0.130050525,0,0,1,0
0.74374875,0.510685197,0,0,1,0
0.74394879,0.582311597,0,0,1,0
0.762553602,0.80954148,0,0,1,0
0.74434887,0.01585723,0,0,1,0
0.74454891,0.563290273,0,0,1,0
0.72136556,0.67561807,0,0,1,0
0.74494899,0.960684114,0,0,1,0
0.828756559,0.598245101,0,0,1,0
0.74534907,0.254298648,0,0,1,0
0.74554911,0.915062857,0,0,1,0
0.74574915,0.194374763,0,0,1,0
0.74594919,0.879507819,0,0,1,0
0.743365491,0.700769567,0,0,1,0
0.74634927,0.113665329,0,0,1,0
0.877678809,0.912718881,0,0,1,0
0.74674935,0.079418996,0,0,1,0
0.74059378,0.370923898,0,0,1,0
0.74714943,0.219414626,0,0,1,0
0.74734947,0.256175066,0,0,1,0
0.74754951,0.634848503,0,0,1,0
0.889305003,0.698616199,0,0,1,0
0.74794959,0.054476771,0,0,1,0
0.752783796,0.89782939,0,0,1,0
0.74834967,0.026218933,0,0,1,0
0.84440353,0.856730792,0,0,1,0
0.649633466,0.384386114,0,0,1,0
0.72603204,0.345593266,0,0,1,0
0.74914983,0.198357387,0,0,1,0
0.74934987,0.851748285,0,0,1,0
0.74954991,0.244742441,0,0,1,0
0.754388101,0.884080952,0,0,1,0
0.74994999,0.092686436,0,0,1,0
0.75015003,0.820303717,0,0,1,0
0.75035007,0.748355452,0,0,1,0
0.706090006,1.029334413,0,0,1,0
0.673833562,0.450119739,0,0,1,0
0.75095019,0.718339546,0,0,1,0
0.75809276,0.821751977,0,0,1,0
0.715327478,1.13187482,0,0,0,1
0.75155031,0.609891178,0,0,1,0
0.75175035,0.168046601,0,0,1,0
0.75195039,0.150420905,0,0,1,0
0.75215043,0.053292632,0,0,1,0
0.75235047,0.036449344,0,0,1,0
0.583461774,0.598116655,0,0,1,0
0.774913007,0.839895734,0,0,1,0
0.744282605,0.600295013,0,0,1,0
0.837627979,0.45812511,0,0,1,0
0.778821091,0.479235028,0,0,1,0
0.75355071,0.412051626,0,0,1,0
0.75375075,0.118558178,0,0,1,0
0.87930471,0.578925071,0,0,1,0
0.75415083,0.955255979,0,0,1,0
0.75435087,0.25267891,0,0,1,0
0.606790812,0.711013601,0,0,1,0
0.75475095,0.164285554,0,0,1,0
0.806733933,0.467453623,0,0,1,0
0.75515103,0.356810777,0,0,1,0
0.75535107,0.108819097,0,0,1,0
0.75555111,0.421542507,0,0,1,0
0.786798102,0.825337734,0,0,1,0
0.774988818,0.545897656,0,0,1,0
0.75615123,0.56522034,0,0,1,0
0.75635127,0.249873876,0,0,1,0
0.75655131,0.745800706,0,0,1,0
0.635268303,0.651090062,0,0,1,0
0.75695139,0.593068005,0,0,1,0
0.75715143,0.158356264,0,0,1,0
0.82960253,0.43604764,0,0,1,0
0.75755151,0.416570336,0,0,1,0
0.75775155,0.813576586,0,0,1,0
0.75795159,0.379202196,0,0,1,0
0.81202821,0.456092424,0,0,1,0
0.74332811,0.986789134,0,0,1,0
0.641047072,0.614955464,0,0,1,0
0.75875175,0.72662212,0,0,1,0
0.75922657,0.726972795,0,0,1,0
0.75915183,0.06370109,0,0,1,0
0.75935187,0.111529264,0,0,1,0
0.75955191,0.652216952,0,0,1,0
0.724294157,0.787380872,0,0,1,0
0.788714893,0.87585485,0,0,0,1
0.76015203,0.086434293,0,0,1,0
0.791854313,0.836954421,0,0,1,0
0.76055211,0.262267619,0,0,1,0
0.76075215,0.531609513,0,0,1,0
0.642900745,0.558384133,0,0,1,0
0.894008831,0.533611044,0,0,1,0
0.675139129,0.803904058,0,0,1,0
0.76155231,0.015918972,0,0,1,0
0.76175235,0.271354431,0,0,1,0
0.76195239,0.703180714,0,0,1,0
0.837643569,0.358097988,0,0,1,0
0.665589626,0.640150992,0,0,1,0
0.633686559,0.562590693,0,0,1,0
0.762752551,0.470741961,0,0,1,0
0.690362189,0.664935928,0,0,1,0
0.763152631,0.271771673,0,0,1,0
0.760621106,0.966386697,0,0,1,0
0.763552711,0.258456661,0,0,1,0
0.763752751,0.592881481,0,0,1,0
0.745448443,0.930538964,0,0,1,0
0.764152831,0.187382145,0,0,1,0
0.764352871,0.557110607,0,0,1,0
0.635171747,0.652628624,0,0,1,0
0.764752951,0.068436724,0,0,1,0
0.764952991,0.221876932,0,0,1,0
0.765153031,0.012652635,0,0,1,0
0.765353071,0.261506741,0,0,1,0
0.765553111,0.217870005,0,0,1,0
0.765753151,0.243498487,0,0,1,0
0.765953191,0.585198169,0,0,1,0
0.766153231,0.246523719,0,0,1,0
0.766353271,0.014819266,0,0,1,0
0.766553311,0.497491546,0,0,1,0
0.766753351,0.274240003,0,0,1,0
0.766953391,0.088517553,0,0,1,0
0.767153431,0.071482943,0,0,1,0
0.767353471,0.849519101,0,0,1,0
0.633206996,0.671871016,0,0,1,0
0.610790129,0.604604328,0,0,1,0
0.767953591,0.111173128,0,0,1,0
0.768153631,0.051026342,0,0,1,0
0.768353671,0.568475913,0,0,1,0
0.74694243,0.602175742,0,0,1,0
0.768753751,0.74609752,0,0,1,0
0.768953791,0.218140156,0,0,1,0
0.769153831,0.243411424,0,0,1,0
0.769353871,0.168214983,0,0,1,0
0.769553911,0.195058289,0,0,1,0
0.911222981,0.445573883,0,0,1,0
0.769953991,0.092333419,0,0,1,0
0.770154031,0.791498473,0,0,1,0
0.828276926,0.724172024,0,0,1,0
0.770554111,0.61820473,0,0,1,0
0.770754151,0.772093633,0,0,1,0
0.730488344,1.044860891,0,0,1,0
0.626620451,0.510016895,0,0,1,0
0.771354271,0.240757783,0,0,1,0
0.80486795,0.577742363,0,0,1,0
0.771754351,0.395946724,0,0,1,0
0.901596444,0.660130639,0,0,1,0
0.702193338,0.6996646,0,0,1,0
0.772354471,0.70538677,0,0,1,0
0.796170376,0.530632652,0,0,1,0
0.772754551,0.873705688,0,0,1,0
0.911674578,0.611428417,0,0,1,0
0.828714216,0.884705596,0,0,1,0
0.624932974,0.520509419,0,0,1,0
0.759417225,0.940201763,0,0,1,0
0.796267092,0.395876352,0,0,1,0
0.773954791,0.961812129,0,0,1,0
0.774154831,0.264406545,0,0,1,0
0.750619835,0.987387378,0,0,1,0
0.799278359,0.815727318,0,0,1,0
0.774754951,0.749894314,0,0,1,0
0.774954991,0.083301848,0,0,1,0
0.695341467,0.73628023,0,0,1,0
0.775355071,0.043735588,0,0,1,0
0.775555111,0.877981007,0,0,1,0
0.702264305,0.513993779,0,0,1,0
0.77957944,0.314169376,0,0,1,0
0.71857781,0.454847294,0,0,1,0
0.776355271,0.301034222,0,0,1,0
0.776555311,0.771129098,0,0,1,0
0.776755351,0.078099941,0,0,1,0
0.776955391,0.703526643,0,0,1,0
0.813229127,0.746953803,0,0,1,0
0.777355471,0.903210948,0,0,1,0
0.777555511,0.074564235,0,0,1,0
0.777755551,0.769287628,0,0,1,0
0.718221668,0.684759182,0,0,1,0
0.778155631,0.271251512,0,0,1,0
0.910992058,0.218385768,0,0,1,0
0.778555711,0.226170828,0,0,1,0
0.778755751,0.200054245,0,0,1,0
0.778955791,0.093937739,0,0,1,0
0.628361483,0.594863291,0,0,1,0
0.779355871,0.029020652,0,0,1,0
0.772809336,0.918000863,0,0,1,0
0.659881436,0.518039333,0,0,1,0
0.779955991,0.725020994,0,0,1,0
0.684888502,0.778553613,0,0,1,0
0.780356071,0.43058823,0,0,1,0
0.780556111,0.188069982,0,0,1,0
0.821066936,0.6796504,0,0,1,0
0.780956191,0.221024031,0,0,1,0
0.638710082,0.562607184,0,0,1,0
0.781356271,0.923978367,0,0,1,0
0.781556311,0.155805744,0,0,1,0
0.664259146,0.447267669,0,0,1,0
0.781956391,0.939128286,0,0,1,0
0.782156431,0.312209338,0,0,1,0
0.782356471,0.94825036,0,0,1,0
0.638919915,0.470805133,0,0,1,0
0.782756551,0.443811153,0,0,1,0
0.78415683,0.376353237,0,0,1,0
0.738352116,0.379232019,0,0,1,0
0.783356671,0.892017146,0,0,1,0
0.939180476,0.557011765,0,0,1,0
0.745266188,1.020067737,0,0,1,0
0.783956791,0.583143972,0,0,1,0
0.784156831,0.022241107,0,0,1,0
0.784356871,0.37407253,0,0,1,0
0.784556911,0.262213432,0,0,1,0
0.793071586,0.901958757,0,0,1,0
0.784956991,0.044127577,0,0,1,0
0.785157031,0.043908612,0,0,1,0
0.639324149,0.575275619,0,0,1,0
0.643029746,0.620436541,0,0,1,0
0.785757151,0.04253239,0,0,1,0
0.785957191,0.151727067,0,0,1,0
0.786157231,0.285478366,0,0,1,0
0.786357271,0.181337487,0,0,1,0
0.786557311,0.302290377,0,0,1,0
0.786757351,0.290120771,0,0,1,0
0.786957391,0.759948929,0,0,1,0
0.787157431,0.023927622,0,0,1,0
0.843963613,0.35304963,0,0,1,0
0.64433008,0.550094719,0,0,1,0
0.844598895,0.52882807,0,0,1,0
0.787957592,0.066639239,0,0,1,0
0.740511356,0.799310118,0,0,1,0
0.788357672,0.316685732,0,0,1,0
0.788557712,0.00634293,0,0,1,0
0.722611262,0.553304016,0,0,1,0
0.788957792,0.214391045,0,0,1,0
0.789157832,0.270979139,0,0,1,0
0.789357872,0.121204352,0,0,1,0
0.789557912,0.103375262,0,0,1,0
0.789757952,0.573456811,0,0,1,0
0.766164501,0.958584597,0,0,1,0
0.790158032,0.29082209,0,0,1,0
0.773944108,1.029065186,0,0,1,0
0.790558112,0.069637879,0,0,1,0
0.790758152,0.203999939,0,0,1,0
0.879057417,0.690552405,0,0,1,0
0.644184594,0.546220905,0,0,1,0
0.684664386,0.454168848,0,0,1,0
0.791558312,0.182330406,0,0,1,0
0.791758352,0.072401528,0,0,1,0
0.751929828,0.446143814,0,0,1,0
0.792158432,0.368439179,0,0,1,0
0.804569577,0.396859429,0,0,1,0
0.68919115,0.508445121,0,0,1,0
0.679145896,0.507566699,0,0,1,0
0.878985374,0.542907103,0,0,1,0
0.793158632,0.092218483,0,0,1,0
0.640048133,0.503063191,0,0,1,0
0.806492107,0.869213362,0,0,1,0
0.804078734,0.879742954,0,0,1,0
0.854152265,0.818965321,0,0,1,0
0.704158678,0.490166343,0,0,1,0
0.8476358,0.612983532,0,0,1,0
0.794558912,0.99085418,0,0,0,1
0.794758952,0.152487278,0,0,1,0
0.706849866,0.407345223,0,0,1,0
0.795159032,0.196139338,0,0,1,0
0.81488103,0.850685671,0,0,1,0
0.677800206,0.520166864,0,0,1,0
0.795759152,0.317895579,0,0,1,0
0.795959192,0.11667159,0,0,1,0
0.7932691,0.945235073,0,0,1,0
0.796359272,0.205984145,0,0,1,0
0.796559312,0.243712595,0,0,1,0
0.817404009,0.862035904,0,0,1,0
0.787510373,0.510047926,0,0,1,0
0.850592489,0.383281279,0,0,1,0
0.797359472,0.716381866,0,0,1,0
0.79613235,0.73880869,0,0,1,0
0.797759552,0.649723777,0,0,1,0
0.797959592,0.155851043,0,0,1,0
0.699453907,0.696433614,0,0,1,0
0.798359672,0.687305082,0,0,1,0
0.671970182,0.451181047,0,0,1,0
0.846019972,0.84514126,0,0,1,0
0.874941599,0.39773222,0,0,1,0
0.799159832,0.597413531,0,0,1,0
0.799359872,0.995312572,0,0,0,1
0.799559912,0.435235654,0,0,1,0
0.708404987,0.702818773,0,0,1,0
0.799959992,0.317203732,0,0,1,0
0.800160032,0.390106006,0,0,1,0
0.800360072,0.870999055,0,0,1,0
0.834844107,0.747386955,0,0,1,0
0.800760152,0.025749514,0,0,1,0
0.800960192,0.212965896,0,0,1,0
0.741465429,0.636342637,0,0,1,0
0.88588099,0.318693378,0,0,1,0
0.801560312,0.197869811,0,0,1,0
0.695936279,0.755561006,0,0,1,0
0.801960392,0.19644266,0,0,1,0
0.802160432,0.213782016,0,0,1,0
0.815179391,0.795604487,0,0,1,0
0.88960004,0.681966447,0,0,1,0
0.802760552,0.326227449,0,0,1,0
0.802960592,0.149706772,0,0,1,0
0.803160632,0.115903675,0,0,1,0
0.803360672,0.09925581,0,0,1,0
0.803560712,0.312518987,0,0,1,0
0.803760752,0.275535505,0,0,1,0
0.803960792,0.876907208,0,0,1,0
0.804160832,0.328286687,0,0,1,0
0.804360872,0.576808005,0,0,1,0
0.794354588,0.603026578,0,0,1,0
0.804760952,0.344138584,0,0,1,0
0.817596153,0.875795352,0,0,1,0
0.805161032,0.866566763,0,0,1,0
0.805361072,0.264793931,0,0,1,0
0.685546709,0.418922846,0,0,1,0
0.805761152,0.392023181,0,0,1,0
0.87623833,0.464143886,0,0,1,0
0.893687281,0.469834663,0,0,1,0
0.693329536,0.478261665,0,0,1,0
0.806561312,0.151809556,0,0,1,0
0.806761352,0.222379195,0,0,1,0
0.685145384,0.490384223,0,0,1,0
0.810134859,0.873265824,0,0,1,0
0.774687894,1.055341551,0,0,1,0
0.807561512,0.08528067,0,0,1,0
0.850528291,0.601027759,0,0,1,0
0.806865106,0.976597024,0,0,1,0
0.808161632,0.129931153,0,0,1,0
0.900912209,0.518870564,0,0,1,0
0.808561712,0.54869652,0,0,1,0
0.808761752,0.032140886,0,0,1,0
0.808961792,0.236210741,0,0,1,0
0.751190146,0.409288777,0,0,1,0
0.809361872,0.877107838,0,0,1,0
0.690014705,0.437084199,0,0,1,0
0.809761952,0.123322093,0,0,1,0
0.809961992,0.819726063,0,0,1,0
0.810162032,0.075742152,0,0,1,0
0.810362072,0.191475268,0,0,1,0
0.803615838,0.973764793,0,0,1,0
0.836137074,0.752326844,0,0,1,0
0.810962192,0.399700123,0,0,1,0
0.811162232,0.994555323,0,0,0,1
0.817234031,0.51814144,0,0,1,0
0.811562312,0.173918101,0,0,1,0
0.811762352,0.560928437,0,0,1,0
0.811962392,0.039645194,0,0,1,0
0.812162432,0.441701976,0,0,1,0
0.812362472,0.207098049,0,0,1,0
0.812562513,0.876244846,0,0,1,0
0.861460505,0.682517226,0,0,1,0
0.954403804,0.483879712,0,0,1,0
0.813162633,0.300861026,0,0,1,0
0.813362673,0.994404415,0,0,0,1
0.813562713,0.038200138,0,0,1,0
0.813762753,0.605811637,0,0,1,0
0.813962793,0.130196242,0,0,1,0
0.814162833,0.486804633,0,0,1,0
0.855520122,0.37224096,0,0,1,0
0.814562913,0.169391522,0,0,1,0
0.844077091,0.771450068,0,0,1,0
0.693339623,0.511033334,0,0,1,0
0.815163033,0.040788681,0,0,1,0
0.924885274,0.465772618,0,0,1,0
0.815563113,0.162924362,0,0,1,0
0.924175798,0.622311296,0,0,1,0
0.722224507,0.465345652,0,0,1,0
0.816163233,0.190183882,0,0,1,0
0.816363273,0.148583052,0,0,1,0
0.773010993,0.421341262,0,0,1,0
0.924497757,0.398717662,0,0,1,0
0.816963393,0.267904957,0,0,1,0
0.82402565,0.878663471,0,0,1,0
0.780756472,0.458402467,0,0,1,0
0.817563513,0.413799825,0,0,1,0
0.685419902,0.759569371,0,0,1,0
0.817963593,0.162185855,0,0,1,0
0.729779068,0.442526123,0,0,1,0
0.822374075,0.565142667,0,0,1,0
0.818563713,0.850210381,0,0,1,0
0.818763753,0.125613414,0,0,1,0
0.929044808,0.431560231,0,0,1,0
0.789938036,0.598309995,0,0,1,0
0.819363873,0.287200762,0,0,1,0
0.966811228,0.886381787,0,0,1,0
0.826822279,0.831672949,0,0,1,0
0.819963993,0.693804771,0,0,1,0
0.820164033,0.343198778,0,0,1,0
0.820364073,0.165940104,0,0,1,0
0.942352048,0.578842199,0,0,1,0
0.918671348,0.537224919,0,0,1,0
0.963266692,0.335972915,0,0,1,0
0.821164233,0.486709551,0,0,1,0
0.821364273,0.357909118,0,0,1,0
0.821564313,0.160655514,0,0,1,0
0.821764353,0.541002629,0,0,1,0
0.821964393,0.224650857,0,0,1,0
0.822164433,0.492017202,0,0,1,0
0.822364473,0.055483471,0,0,1,0
0.822564513,0.31597799,0,0,1,0
0.822764553,0.171250366,0,0,1,0
0.765930166,0.498566132,0,0,1,0
0.8716577,0.590793082,0,0,1,0
0.794155013,1.026389408,0,0,1,0
0.733451803,0.645477154,0,0,1,0
0.945653573,0.768476815,0,0,1,0
0.972104147,0.417695093,0,0,1,0
0.824164833,0.058857865,0,0,1,0
0.816896865,1.015236425,0,0,1,0
0.824564913,0.769686584,0,0,1,0
0.824764953,0.254780585,0,0,1,0
0.721664059,0.427602972,0,0,1,0
0.869991926,0.632742782,0,0,1,0
0.825365073,0.643461914,0,0,1,0
0.825565113,0.347223558,0,0,1,0
0.825765153,0.499988293,0,0,1,0
0.760272125,0.622892588,0,0,1,0
0.826165233,0.031519997,0,0,1,0
0.797212278,0.99245717,0,0,1,0
0.826565313,0.427162177,0,0,1,0
0.826765353,0.619516618,0,0,1,0
0.789321132,0.534188499,0,0,1,0
0.827165433,0.011132612,0,0,1,0
0.861465816,0.696250943,0,0,1,0
0.773926309,0.68962886,0,0,1,0
0.827765553,0.36362249,0,0,1,0
0.827965593,0.554828087,0,0,1,0
0.817116946,0.519537035,0,0,1,0
0.828365673,0.154771643,0,0,1,0
0.792375198,0.432951745,0,0,1,0
0.828765753,0.001604794,0,0,1,0
0.705837091,0.489381059,0,0,1,0
0.829165833,0.204621175,0,0,1,0
0.829365873,0.789241603,0,0,1,0
0.829565913,0.071854427,0,0,1,0
0.941525397,0.85801329,0,0,1,0
0.829965993,0.056486009,0,0,1,0
0.808308046,0.562593705,0,0,1,0
0.806036048,1.04251044,0,0,1,0
0.830566113,0.160346304,0,0,1,0
0.892148398,0.587591085,0,0,1,0
0.830966193,0.313524099,0,0,1,0
0.783260967,0.800410155,0,0,1,0
0.842951352,0.845064834,0,0,1,0
0.831566313,0.700173587,0,0,1,0
0.831766353,0.795461566,0,0,1,0
0.831966393,0.216134709,0,0,1,0
0.832166433,0.412056009,0,0,1,0
0.904910915,0.757021872,0,0,1,0
0.808670274,1.083213324,0,0,1,0
0.832766553,0.202455468,0,0,1,0
0.832966593,0.783066566,0,0,1,0
0.833166633,0.222515735,0,0,1,0
0.833366673,0.583693827,0,0,1,0
0.833566713,0.31035827,0,0,1,0
0.833766753,0.079533671,0,0,1,0
0.833966793,0.066285237,0,0,1,0
0.834166833,0.240170193,0,0,1,0
0.834366873,0.8993447,0,0,1,0
0.9412572,0.768753529,0,0,1,0
0.854590809,0.818303771,0,0,1,0
0.691688368,0.606376422,0,0,1,0
0.835167033,0.697033066,0,0,1,0
0.835367073,0.344773995,0,0,1,0
0.835567113,0.18326973,0,0,1,0
0.835767153,0.330798461,0,0,1,0
0.835967193,0.896217689,0,0,1,0
0.836167233,0.908047126,0,0,1,0
0.836367273,0.013446226,0,0,1,0
0.986803043,0.415226785,0,0,1,0
0.886341096,0.79599905,0,0,1,0
0.843177564,0.93203718,0,0,1,0
0.837167433,0.008088368,0,0,1,0
0.9680144,0.591360415,0,0,1,0
0.837567514,0.08514214,0,0,1,0
0.825328315,0.563375611,0,0,1,0
0.837967594,0.065450453,0,0,1,0
0.838167634,0.101828785,0,0,1,0
0.838367674,0.954628426,0,0,1,0
0.860038107,0.769086049,0,0,1,0
0.887211348,0.63569021,0,0,1,0
0.845396347,0.899912199,0,0,1,0
0.839167834,0.287111629,0,0,1,0
0.939337244,0.847849856,0,0,1,0
0.839567914,0.796558937,0,0,1,0
0.767656007,0.62819992,0,0,1,0
0.883788079,0.435410883,0,0,1,0
0.692657631,0.512663456,0,0,1,0
0.840368074,0.457797813,0,0,1,0
0.953879958,0.739593813,0,0,1,0
0.840768154,0.803425537,0,0,1,0
0.828605245,0.429490642,0,0,1,0
0.841168234,0.011184737,0,0,1,0
0.816049004,0.648882629,0,0,1,0
0.817857862,1.0654157,0,0,1,0
0.841768354,0.323053141,0,0,1,0
0.841968394,0.582877372,0,0,1,0
0.842168434,0.700295302,0,0,1,0
0.842368474,0.120401733,0,0,1,0
0.899309172,0.541461836,0,0,1,0
0.758695449,0.571717204,0,0,1,0
0.842968594,0.911636493,0,0,1,0
0.85080738,0.605181926,0,0,1,0
0.843368674,0.323692364,0,0,1,0
0.843568714,0.182043338,0,0,1,0
0.838412452,0.972626967,0,0,1,0
0.884429397,0.666455963,0,0,1,0
0.844168834,0.077077117,0,0,1,0
0.844368874,0.28232785,0,0,1,0
0.844568914,0.013826572,0,0,1,0
0.844768954,0.895921027,0,0,1,0
0.844968994,0.199036442,0,0,1,0
0.787259472,0.439347876,0,0,1,0
0.855439802,0.842546797,0,0,1,0
0.832568838,0.898634087,0,0,1,0
0.89121944,0.630821368,0,0,1,0
0.845969194,0.918151317,0,0,1,0
0.846169234,0.067803105,0,0,1,0
0.824786236,1.102383205,0,0,1,0
0.846569314,0.160362515,0,0,1,0
0.846769354,0.157363013,0,0,1,0
0.846969394,0.069148913,0,0,1,0
0.847169434,0.341573541,0,0,1,0
0.847369474,0.004625744,0,0,1,0
0.847569514,0.008600813,0,0,1,0
0.716660742,0.478077514,0,0,1,0
0.847969594,0.120687469,0,0,1,0
0.848169634,0.058288841,0,0,1,0
0.825973095,0.949894429,0,0,1,0
0.848569714,0.337164611,0,0,1,0
0.848769754,0.014579692,0,0,1,0
0.848969794,0.380552886,0,0,1,0
0.826330536,1.075512176,0,0,1,0
0.849369874,0.007213136,0,0,1,0
0.714949308,0.544970978,0,0,1,0
0.911732474,0.573523414,0,0,1,0
0.849969994,0.70034806,0,0,1,0
0.850170034,0.262236627,0,0,1,0
0.836956355,1.087636506,0,0,0,1
0.833621673,0.938737888,0,0,1,0
0.947661726,0.669767116,0,0,1,0
0.850970194,0.410573699,0,0,1,0
0.851170234,0.264843614,0,0,1,0
0.851370274,0.110331431,0,0,1,0
0.846940249,0.64109556,0,0,1,0
0.965563672,0.578661369,0,0,1,0
0.85543209,0.846062975,0,0,1,0
0.756286061,0.701673572,0,0,1,0
0.838506478,0.962296627,0,0,1,0
0.792751604,0.686982652,0,0,1,0
0.852770554,0.137443829,0,0,1,0
0.852970594,0.221882292,0,0,1,0
0.853170634,0.12487692,0,0,1,0
1.017550174,0.558533334,0,0,1,0
0.853570714,0.025460424,0,0,1,0
0.842482312,0.975987092,0,0,1,0
0.895494425,0.712015507,0,0,1,0
0.854170834,0.064143531,0,0,1,0
0.854370874,0.43021705,0,0,1,0
0.854570914,0.11198777,0,0,1,0
0.854770954,0.332754887,0,0,1,0
0.854970994,0.386114671,0,0,1,0
0.855171034,0.401167145,0,0,1,0
0.876203339,0.754681386,0,0,1,0
0.855571114,0.722173935,0,0,1,0
0.855771154,0.312328002,0,0,1,0
0.85794755,0.513649206,0,0,1,0
0.87101514,0.786606066,0,0,1,0
0.856371274,0.484689076,0,0,1,0
0.709924736,0.53211046,0,0,1,0
0.716156954,0.513295568,0,0,1,0
0.856971394,0.126968129,0,0,1,0
0.857171434,0.073977773,0,0,1,0
0.861960848,0.793010991,0,0,1,0
0.709179128,0.722199293,0,0,1,0
0.857771554,0.287690591,0,0,1,0
0.857971594,0.10393227,0,0,1,0
0.858171634,0.222098018,0,0,1,0
0.849521989,0.768752196,0,0,1,0
0.879637754,0.704558985,0,0,1,0
0.980413538,0.561900292,0,0,1,0
0.858971794,0.817829183,0,0,1,0
0.859171834,0.850101446,0,0,1,0
0.859371874,0.21200236,0,0,1,0
0.859571914,0.004180839,0,0,1,0
0.859771954,0.963866607,0,0,1,0
0.859971994,0.086524866,0,0,1,0
0.881002979,0.719908225,0,0,1,0
0.988351058,0.824017372,0,0,1,0
0.860572114,0.072080415,0,0,1,0
0.860772154,0.362180657,0,0,1,0
0.860972194,0.170851996,0,0,1,0
0.861172234,0.465916298,0,0,1,0
0.919542956,0.508204939,0,0,1,0
0.861572314,0.008170513,0,0,1,0
0.838714796,1.143498894,0,0,1,0
0.861972394,0.133813268,0,0,1,0
0.862172434,0.248782738,0,0,1,0
0.862372474,0.1766605,0,0,1,0
0.862572515,0.331853112,0,0,1,0
0.862772555,0.893873828,0,0,1,0
0.997296878,0.465338821,0,0,1,0
0.863172635,0.365858513,0,0,1,0
0.863372675,0.433132788,0,0,1,0
0.863572715,0.324063298,0,0,1,0
0.863772755,0.45183492,0,0,1,0
0.863972795,0.296344073,0,0,1,0
0.864172835,0.016552758,0,0,1,0
0.864372875,0.334489349,0,0,1,0
0.864572915,0.193674173,0,0,1,0
0.962166453,0.730461715,0,0,1,0
0.864972995,0.304615121,0,0,1,0
0.865173035,0.160135995,0,0,1,0
0.944896574,0.7437985,0,0,1,0
0.853748852,0.673473616,0,0,1,0
0.865773155,0.795947018,0,0,1,0
0.823232923,0.678496973,0,0,1,0
0.866173235,0.139600073,0,0,1,0
0.887499772,0.80978898,0,0,1,0
0.977791442,0.435897058,0,0,1,0
0.844084868,0.965673023,0,0,1,0
0.866973395,0.555728537,0,0,1,0
0.905590685,0.678328283,0,0,1,0
0.867373475,0.807831076,0,0,1,0
0.867573515,0.107401015,0,0,1,0
0.867773555,0.376901989,0,0,1,0
0.867973595,0.165472728,0,0,1,0
0.854943996,0.972354821,0,0,1,0
0.868373675,0.990459401,0,0,1,0
0.868573715,0.934744853,0,0,1,0
0.884034352,0.827212831,0,0,1,0
0.868973795,0.34304454,0,0,1,0
0.869173835,0.13424817,0,0,1,0
1.003208653,0.55388114,0,0,1,0
0.869573915,0.211209229,0,0,1,0
1.02997878,0.760137901,0,0,1,0
0.869973995,0.048778183,0,0,1,0
0.775162318,0.710079145,0,0,1,0
0.953998714,0.722040623,0,0,1,0
0.884881017,0.831619517,0,0,1,0
0.884655212,0.575109665,0,0,1,0
0.984399112,0.551713633,0,0,1,0
0.871174235,0.390305914,0,0,1,0
0.924008364,0.527136754,0,0,1,0
0.871574315,0.033074665,0,0,1,0
0.99211452,0.675728038,0,0,1,0
0.871974395,0.108797877,0,0,1,0
0.872174435,0.818793363,0,0,1,0
0.872585112,0.908333512,0,0,1,0
0.98042975,0.766838359,0,0,1,0
0.872774555,0.542168414,0,0,1,0
1.028766677,0.729106155,0,0,1,0
0.884747934,0.877331362,0,0,1,0
0.873374675,0.417985931,0,0,1,0
0.873574715,0.870684644,0,0,1,0
0.873774755,0.988660789,0,0,1,0
0.878129529,0.82334457,0,0,1,0
0.874174835,0.194758186,0,0,1,0
0.874374875,0.071251127,0,0,1,0
0.888142012,0.779364165,0,0,1,0
0.874774955,0.157464163,0,0,1,0
1.027416777,0.749860978,0,0,1,0
0.863603191,1.05062093,0,0,1,0
0.875375075,0.779759663,0,0,1,0
0.875575115,0.021686533,0,0,1,0
0.875775155,0.517964981,0,0,1,0
0.875975195,0.491158404,0,0,1,0
0.983530268,0.726865445,0,0,1,0
0.817833907,0.591956246,0,0,1,0
0.774114149,0.546712645,0,0,1,0
0.783372906,0.706722643,0,0,1,0
0.89992589,0.702714701,0,0,1,0
0.877175435,0.214793683,0,0,1,0
0.877375475,0.750708421,0,0,1,0
0.877575515,0.947463308,0,0,1,0
0.885427837,0.931824416,0,0,0,1
0.877975595,0.381125556,0,0,1,0
0.879494856,0.67823219,0,0,1,0
0.878375675,0.075788232,0,0,1,0
0.878575715,0.34569925,0,0,1,0
0.878053305,0.87551847,0,0,1,0
0.878975795,0.449711602,0,0,1,0
0.879175835,0.260107007,0,0,1,0
0.879375875,0.364683645,0,0,1,0
0.879575915,0.093896029,0,0,1,0
0.879775955,0.071550904,0,0,1,0
0.75838749,0.608929664,0,0,1,0
0.880176035,0.511864694,0,0,1,0
0.880376075,0.220017181,0,0,1,0
0.880576115,0.078372475,0,0,1,0
0.880776155,0.035202089,0,0,1,0
0.880976195,0.335185808,0,0,1,0
0.917437962,0.591685922,0,0,1,0
0.881376275,0.636221745,0,0,1,0
0.881576315,0.0595091,0,0,1,0
0.881776355,0.075374567,0,0,1,0
0.881976395,0.728473789,0,0,1,0
0.882176435,0.158008581,0,0,1,0
0.882376475,0.33140675,0,0,1,0
0.882576515,0.091062083,0,0,1,0
0.882776555,0.338301165,0,0,1,0
1.037784324,0.614088399,0,0,1,0
0.883176635,0.012793619,0,0,1,0
0.869609032,0.951009181,0,0,1,0
0.883576715,0.52371573,0,0,1,0
0.883776755,0.501128149,0,0,1,0
0.883976795,0.672526708,0,0,1,0
0.884176835,0.420289158,0,0,1,0
0.884376875,0.275122398,0,0,1,0
0.866326704,0.955156937,0,0,1,0
0.880957755,0.976021041,0,0,1,0
0.884976995,0.086127119,0,0,1,0
0.885177035,0.033309648,0,0,1,0
0.885377075,0.234007759,0,0,1,0
0.885577115,0.10817998,0,0,1,0
0.885777155,0.533268086,0,0,1,0
1.046154355,0.610331573,0,0,1,0
0.886177235,0.257281663,0,0,1,0
1.054918027,0.657035699,0,0,1,0
0.886577315,0.989090996,0,0,1,0
0.886777355,0.74028787,0,0,1,0
0.886977395,0.190799042,0,0,1,0
0.864832821,0.596504463,0,0,1,0
0.887377475,0.463503674,0,0,1,0
0.887577516,0.307235801,0,0,1,0
0.887777556,0.488133906,0,0,1,0
0.887977596,0.684465602,0,0,1,0
0.888177636,0.475777007,0,0,1,0
0.903726439,0.860007919,0,0,0,1
0.871862702,1.122456456,0,0,1,0
0.888777756,0.090558724,0,0,1,0
0.888977796,0.498310731,0,0,1,0
0.889177836,0.032525168,0,0,1,0
0.790428869,0.609969263,0,0,1,0
0.889577916,0.494518237,0,0,1,0
0.889777956,0.494287622,0,0,1,0
0.889977996,0.334662255,0,0,1,0
0.890178036,0.447322099,0,0,1,0
0.890378076,0.202181613,0,0,1,0
0.890578116,0.451077552,0,0,1,0
0.890778156,0.582165375,0,0,1,0
0.890978196,0.48411064,0,0,1,0
0.891178236,0.574379922,0,0,1,0
0.891378276,0.573617773,0,0,1,0
0.891578316,0.633101448,0,0,1,0
0.891778356,0.04606987,0,0,1,0
0.891978396,0.756598906,0,0,1,0
0.892178436,0.484348355,0,0,1,0
0.892378476,0.605143692,0,0,1,0
0.892578516,0.96973936,0,0,1,0
0.892778556,0.822316906,0,0,1,0
0.90483609,0.744057377,0,0,1,0
0.893178636,0.0596891,0,0,1,0
0.893378676,0.09407054,0,0,1,0
0.893578716,0.467034805,0,0,1,0
0.893778756,0.210300968,0,0,1,0
0.893978796,0.595676852,0,0,1,0
0.894178836,0.116698964,0,0,1,0
0.908387687,0.845054278,0,0,1,0
0.894578916,0.872395133,0,0,1,0
0.894778956,0.454919543,0,0,1,0
0.903835354,0.84792104,0,0,1,0
0.895179036,0.054161185,0,0,1,0
0.895379076,0.561950307,0,0,1,0
0.895579116,0.386616919,0,0,1,0
0.895779156,0.406622568,0,0,1,0
0.895979196,0.340962853,0,0,1,0
0.896179236,0.553707507,0,0,1,0
0.896379276,0.35060062,0,0,1,0
0.896579316,0.405074878,0,0,1,0
0.896779356,0.045465345,0,0,1,0
0.896979396,0.917676447,0,0,1,0
0.897179436,0.630418727,0,0,1,0
0.897379476,0.701088839,0,0,1,0
0.897579516,0.132073557,0,0,1,0
0.897779556,0.200090263,0,0,1,0
0.897979596,0.208397827,0,0,1,0
0.898179636,0.010720724,0,0,1,0
0.898379676,0.274020389,0,0,1,0
0.898579716,0.247137684,0,0,1,0
0.898779756,0.623756832,0,0,1,0
0.898979796,0.020441845,0,0,1,0
0.899179836,0.206283889,0,0,1,0
0.899379876,0.420437894,0,0,1,0
0.899579916,0.640676417,0,0,1,0
0.899779956,0.162348769,0,0,1,0
0.899979996,0.382788559,0,0,1,0
0.900180036,0.501457375,0,0,1,0
0.900380076,0.058932455,0,0,1,0
0.900580116,0.502250081,0,0,1,0
0.900780156,0.311033147,0,0,1,0
0.900980196,0.701611714,0,0,1,0
0.901180236,0.024556237,0,0,1,0
0.901380276,0.660831101,0,0,1,0
0.917033444,0.723319322,0,0,1,0
0.901780356,0.035184017,0,0,1,0
0.901980396,0.633403899,0,0,1,0
0.902180436,0.889613687,0,0,1,0
0.902380476,0.676580073,0,0,1,0
0.902580516,0.741571157,0,0,1,0
0.902780556,0.125705328,0,0,1,0
0.902980596,0.561208552,0,0,1,0
0.903180636,0.29815433,0,0,1,0
0.903380676,0.759117541,0,0,1,0
0.903580716,0.223121073,0,0,1,0
0.903780756,0.150958693,0,0,1,0
0.903980796,0.319385442,0,0,1,0
0.904180836,0.10165294,0,0,1,0
0.904380876,0.344133014,0,0,1,0
0.904580916,0.965966069,0,0,1,0
0.904780956,0.071832235,0,0,1,0
0.904980996,0.611192686,0,0,1,0
0.905181036,0.447793668,0,0,1,0
0.905381076,0.715600743,0,0,1,0
0.905581116,0.095990683,0,0,1,0
0.905781156,0.356688766,0,0,1,0
0.897049937,1.034786356,0,0,1,0
0.897103954,1.001590136,0,0,1,0
0.906381276,0.409349446,0,0,1,0
0.906581316,0.677487608,0,0,1,0
0.906781356,0.481382358,0,0,1,0
0.906981396,0.809451253,0,0,1,0
0.907181436,0.226523128,0,0,1,0
0.907381476,0.370784625,0,0,1,0
0.907581516,0.867326766,0,0,1,0
0.907781556,0.780963062,0,0,1,0
0.907981596,0.657591077,0,0,1,0
0.908181636,0.161700089,0,0,1,0
0.908381676,0.505581182,0,0,1,0
0.908581716,0.185184909,0,0,1,0
0.908781756,0.753708262,0,0,1,0
0.908981796,0.598654561,0,0,1,0
0.909181836,0.755875776,0,0,1,0
0.909381876,0.78321024,0,0,1,0
0.909581916,0.293170501,0,0,1,0
0.909781956,0.077799065,0,0,1,0
0.909981996,0.339791689,0,0,1,0
0.910182036,0.182760777,0,0,1,0
0.90932935,0.954131755,0,0,1,0
0.910582116,0.079079768,0,0,1,0
0.910782156,0.295027347,0,0,1,0
0.910982196,0.531904339,0,0,1,0
0.902938593,0.966823704,0,0,1,0
0.911382276,0.56748557,0,0,1,0
0.911582316,0.254349555,0,0,1,0
0.911782356,0.773776706,0,0,1,0
0.903386963,0.931641771,0,0,1,0
0.912182436,0.546963431,0,0,1,0
0.919804385,0.755693558,0,0,1,0
0.912582517,0.248317721,0,0,1,0
0.929195822,0.724110173,0,0,1,0
0.912982597,0.641279149,0,0,1,0
0.913182637,0.081825399,0,0,1,0
0.913382677,0.082141537,0,0,1,0
0.913582717,0.740143339,0,0,1,0
0.913782757,0.749599974,0,0,1,0
0.913982797,0.093033779,0,0,1,0
0.914182837,0.044168071,0,0,1,0
0.914382877,0.064244196,0,0,1,0
0.914582917,0.28677793,0,0,1,0
0.914782957,0.31724518,0,0,1,0
0.919040791,0.911412738,0,0,1,0
0.915183037,0.566200184,0,0,1,0
0.915383077,0.349772246,0,0,1,0
0.915583117,0.253662401,0,0,1,0
0.915783157,0.793469354,0,0,1,0
0.915983197,0.62838468,0,0,1,0
0.916183237,0.472867183,0,0,1,0
0.916383277,0.866885478,0,0,1,0
0.916583317,0.777270843,0,0,1,0
0.916783357,0.185978123,0,0,1,0
0.916983397,0.351636579,0,0,1,0
0.905744926,0.968739238,0,0,1,0
0.917383477,0.174848311,0,0,1,0
0.917583517,0.584824278,0,0,1,0
0.917783557,0.513128204,0,0,1,0
0.917983597,0.285088466,0,0,1,0
0.918183637,0.577218034,0,0,1,0
0.918383677,0.394403702,0,0,1,0
0.908613714,1.068870127,0,0,1,0
0.918783757,0.408067681,0,0,1,0
0.918983797,0.026626369,0,0,1,0
0.919183837,0.756194093,0,0,1,0
0.919383877,0.955909049,0,0,1,0
0.919583917,0.554723706,0,0,1,0
0.933256148,0.793644889,0,0,1,0
0.919983997,0.386707015,0,0,1,0
0.920184037,0.725914291,0,0,1,0
0.920384077,0.63473917,0,0,1,0
0.920584117,0.018308189,0,0,1,0
0.920784157,0.359173292,0,0,1,0
0.920984197,0.708005885,0,0,1,0
0.921184237,0.648990063,0,0,1,0
0.921384277,0.802888509,0,0,1,0
0.921584317,0.956081025,0,0,1,0
0.921784357,0.416751063,0,0,1,0
0.921984397,0.106281992,0,0,1,0
0.922184437,0.655015728,0,0,1,0
0.922384477,0.388725732,0,0,1,0
0.922584517,0.110245334,0,0,1,0
0.922784557,0.710422171,0,0,1,0
0.922984597,0.114355065,0,0,1,0
0.923184637,0.926486953,0,0,1,0
0.923384677,0.972870384,0,0,1,0
0.923584717,0.224678028,0,0,1,0
0.923784757,0.410901856,0,0,1,0
0.923984797,0.662699381,0,0,1,0
0.924184837,0.038044027,0,0,1,0
0.924384877,0.193211051,0,0,1,0
0.924584917,0.448167021,0,0,1,0
0.924784957,0.680236304,0,0,1,0
0.924984997,0.587216985,0,0,1,0
0.925185037,0.336066262,0,0,1,0
0.925385077,0.185942699,0,0,1,0
0.925585117,0.397436051,0,0,1,0
0.925785157,0.106069084,0,0,1,0
0.925985197,0.706902024,0,0,1,0
0.926185237,0.481410265,0,0,1,0
0.926385277,0.642687742,0,0,1,0
0.926585317,0.427098287,0,0,1,0
0.926785357,0.454301494,0,0,1,0
0.926985397,0.020087935,0,0,1,0
0.927185437,0.090276998,0,0,1,0
0.927385477,0.25940806,0,0,1,0
0.927585517,0.77235644,0,0,1,0
0.916865778,0.961710584,0,0,1,0
0.927985597,0.054144571,0,0,1,0
0.928185637,0.58384387,0,0,1,0
0.928385677,0.288732054,0,0,1,0
0.928585717,0.136089728,0,0,1,0
0.928785757,0.017843058,0,0,1,0
0.921677948,1.014799015,0,0,1,0
0.929185837,0.360191839,0,0,1,0
0.929385877,0.65968595,0,0,1,0
0.929585917,0.160819885,0,0,1,0
0.929785957,0.238040667,0,0,1,0
0.929985997,0.811515793,0,0,1,0
0.930186037,0.173348018,0,0,1,0
0.930386077,0.633146394,0,0,1,0
0.938081229,0.793237037,0,0,1,0
0.930786157,0.870447642,0,0,1,0
0.930986197,0.728154583,0,0,1,0
0.931186237,0.061345828,0,0,1,0
0.931386277,0.27520054,0,0,1,0
0.931629708,0.86836227,0,0,1,0
0.931786357,0.226865896,0,0,1,0
0.931986397,0.429827953,0,0,1,0
0.932186437,0.51262143,0,0,1,0
0.932386477,0.571768926,0,0,1,0
0.932586517,0.586950174,0,0,1,0
0.932786557,0.365851961,0,0,1,0
0.943704506,0.706264798,0,0,1,0
0.933186637,0.728437539,0,0,1,0
0.933386677,0.488613262,0,0,1,0
0.933586717,0.00506312,0,0,1,0
0.933786757,0.68452465,0,0,1,0
0.933986797,0.58972301,0,0,1,0
0.937985357,0.925242984,0,0,1,0
0.934386877,0.404538497,0,0,1,0
0.934586917,0.026495209,0,0,1,0
0.934786957,0.938794783,0,0,1,0
0.934986997,0.268501751,0,0,1,0
0.935187037,0.10931371,0,0,1,0
0.935387077,0.890288264,0,0,1,0
0.935587117,0.138982527,0,0,1,0
0.946816229,0.78413981,0,0,1,0
0.935987197,0.010993197,0,0,1,0
0.936187237,0.802905113,0,0,1,0
0.936387277,0.688358482,0,0,1,0
0.936587317,0.609234637,0,0,1,0
0.936787357,0.133333356,0,0,1,0
0.936987397,0.200757082,0,0,1,0
0.937187437,0.614737738,0,0,1,0
0.926112241,1.089024619,0,0,1,0
0.937587518,0.401522696,0,0,1,0
0.937787558,0.260196775,0,0,1,0
0.937987598,0.815927193,0,0,1,0
0.937753681,0.946686921,0,0,1,0
0.938387678,0.46772155,0,0,1,0
0.938587718,0.099005568,0,0,1,0
0.938787758,0.747622792,0,0,1,0
0.938987798,0.451117856,0,0,1,0
0.939187838,0.219589508,0,0,1,0
0.939387878,0.82033312,0,0,1,0
0.939587918,0.371608928,0,0,1,0
0.939787958,0.458792096,0,0,1,0
0.939987998,0.121666422,0,0,1,0
0.940188038,0.350090729,0,0,1,0
0.940388078,0.393050178,0,0,1,0
0.940588118,0.647851455,0,0,1,0
0.940788158,0.653606936,0,0,1,0
0.940988198,0.005893589,0,0,1,0
0.941188238,0.699184562,0,0,1,0
0.941388278,0.782311194,0,0,1,0
0.932377815,1.067185838,0,0,1,0
0.941788358,0.71789456,0,0,1,0
0.941988398,0.93852681,0,0,1,0
0.942188438,0.547718761,0,0,1,0
0.942388478,0.36742058,0,0,1,0
0.942588518,0.184810566,0,0,1,0
0.942788558,0.344659888,0,0,1,0
0.94951903,0.769481854,0,0,1,0
0.943188638,0.506285039,0,0,1,0
0.943388678,0.073475294,0,0,1,0
0.943588718,0.401966113,0,0,1,0
0.943788758,0.822443602,0,0,1,0
0.943988798,0.014096386,0,0,1,0
0.944188838,0.338321855,0,0,1,0
0.944388878,0.420483801,0,0,1,0
0.944588918,0.598158337,0,0,1,0
0.944788958,0.035666422,0,0,1,0
0.944988998,0.605118093,0,0,1,0
0.945189038,0.475334836,0,0,1,0
0.945389078,0.796503762,0,0,1,0
0.93831446,1.094652854,0,0,1,0
0.945789158,0.923525215,0,0,1,0
0.945989198,0.938259947,0,0,1,0
0.946189238,0.309188748,0,0,1,0
0.946389278,0.192371344,0,0,1,0
0.946589318,0.19073412,0,0,1,0
0.946789358,0.104296794,0,0,1,0
0.946989398,0.469734477,0,0,1,0
0.947189438,0.475821644,0,0,1,0
0.947389478,0.623753188,0,0,1,0
0.947589518,0.350085195,0,0,1,0
0.947789558,0.078849676,0,0,1,0
0.947989598,0.602590535,0,0,1,0
0.948189638,0.376255627,0,0,1,0
0.948389678,0.674658122,0,0,1,0
0.948589718,0.320619413,0,0,1,0
0.948789758,0.170905498,0,0,1,0
0.948989798,0.804428097,0,0,1,0
0.949189838,0.240168996,0,0,1,0
0.949389878,0.207697263,0,0,1,0
0.949589918,0.058773826,0,0,1,0
0.949789958,0.653104075,0,0,1,0
0.943762326,1.080445567,0,0,1,0
0.950190038,0.747036537,0,0,1,0
0.950390078,0.611454811,0,0,1,0
0.950590118,0.539825681,0,0,1,0
0.950790158,0.492337789,0,0,1,0
0.950990198,0.062619567,0,0,1,0
0.951190238,0.707736937,0,0,1,0
0.944337695,0.960703937,0,0,1,0
0.951590318,0.624742891,0,0,1,0
0.951790358,0.941233587,0,0,1,0
0.951990398,0.307609916,0,0,1,0
0.952190438,0.526720963,0,0,1,0
0.952390478,0.256920637,0,0,1,0
0.952590518,0.180049064,0,0,1,0
0.952790558,0.729697315,0,0,1,0
0.948482473,1.011839266,0,0,1,0
0.953190638,0.559095018,0,0,1,0
0.960451148,0.73324046,0,0,1,0
0.953590718,0.224587025,0,0,1,0
0.953226497,0.977055429,0,0,1,0
0.953990798,0.784748478,0,0,1,0
0.954190838,0.918599648,0,0,1,0
0.955141689,0.919700508,0,0,1,0
0.954590918,0.010778005,0,0,1,0
0.954790958,0.580524906,0,0,1,0
0.954990998,0.27354998,0,0,1,0
0.955191038,0.188803566,0,0,1,0
0.951645433,1.058097379,0,0,1,0
0.955591118,0.084841373,0,0,1,0
0.955791158,0.659926206,0,0,1,0
0.955991198,0.786401353,0,0,1,0
0.963778983,0.724822932,0,0,1,0
0.956391278,0.316270392,0,0,1,0
0.956591318,0.523157631,0,0,1,0
0.956791358,0.13951858,0,0,1,0
0.957816535,0.905062825,0,0,1,0
0.957191438,0.403390055,0,0,1,0
0.957391478,0.0723798,0,0,1,0
0.957591518,0.097839037,0,0,1,0
0.957791558,0.626090191,0,0,1,0
0.957991598,0.400020278,0,0,1,0
0.958191638,0.412287287,0,0,1,0
0.958391678,0.026857397,0,0,1,0
0.958591718,0.586292234,0,0,1,0
0.952131406,0.994429856,0,0,1,0
0.958991798,0.020885188,0,0,1,0
0.959191838,0.271057019,0,0,1,0
0.959391878,0.054999298,0,0,1,0
0.959591918,0.156794981,0,0,1,0
0.959791958,0.331755651,0,0,1,0
0.959991998,0.183773299,0,0,1,0
0.960192038,0.445472787,0,0,1,0
0.960392078,0.328296565,0,0,1,0
0.960592118,0.099425473,0,0,1,0
0.960792158,0.166263632,0,0,1,0
0.960992198,0.359418522,0,0,1,0
0.961192238,0.306053142,0,0,1,0
0.961392278,0.074487954,0,0,1,0
0.961592318,0.678162134,0,0,1,0
0.961792358,0.423378696,0,0,1,0
0.961992398,0.469907273,0,0,1,0
0.962192438,0.052032259,0,0,1,0
0.962392478,0.685656957,0,0,1,0
0.962592519,0.62638435,0,0,1,0
0.962792559,0.719363824,0,0,1,0
0.962992599,0.458738239,0,0,1,0
0.963192639,0.796026376,0,0,1,0
0.963392679,0.152741842,0,0,1,0
0.963592719,0.477695917,0,0,1,0
0.963792759,0.516418733,0,0,1,0
0.963992799,0.666475485,0,0,1,0
0.964192839,0.000730033,0,0,1,0
0.964392879,0.344114941,0,0,1,0
0.967659794,0.823886037,0,0,1,0
0.964792959,0.805474097,0,0,1,0
0.964992999,0.718350173,0,0,1,0
0.9618175,1.060853655,0,0,1,0
0.965393079,0.827932191,0,0,1,0
0.965593119,0.501269848,0,0,1,0
0.965793159,0.989323201,0,0,1,0
0.965993199,0.303325649,0,0,1,0
0.966193239,0.533844266,0,0,1,0
0.966393279,0.069305478,0,0,1,0
0.966593319,0.427597581,0,0,1,0
0.966793359,0.089859643,0,0,1,0
0.966993399,0.220214464,0,0,1,0
0.967193439,0.109349509,0,0,1,0
0.967393479,0.05308423,0,0,1,0
0.967593519,0.793686267,0,0,1,0
0.967793559,0.018614347,0,0,1,0
0.970512545,0.899484525,0,0,1,0
0.968193639,0.29184452,0,0,1,0
0.968393679,0.609258886,0,0,1,0
0.968593719,0.121441473,0,0,1,0
0.968793759,0.301971246,0,0,1,0
0.968993799,0.775160752,0,0,1,0
0.969193839,0.242669027,0,0,1,0
0.969393879,0.775469062,0,0,1,0
0.969593919,0.98553767,0,0,1,0
0.969793959,0.206690394,0,0,1,0
0.969993999,0.297689795,0,0,1,0
0.970194039,0.690755857,0,0,1,0
0.970394079,0.351989999,0,0,1,0
0.970594119,0.648776286,0,0,1,0
0.970794159,0.020065394,0,0,1,0
0.970994199,0.094227291,0,0,1,0
0.971194239,0.047789238,0,0,1,0
0.971394279,0.214982676,0,0,1,0
0.971594319,0.400506214,0,0,1,0
0.971794359,0.449444842,0,0,1,0
0.971994399,0.257900504,0,0,1,0
0.972194439,0.340479025,0,0,1,0
0.972394479,0.246735812,0,0,1,0
0.972594519,0.091173522,0,0,1,0
0.972794559,0.624289156,0,0,1,0
0.972994599,0.082022629,0,0,1,0
0.971672205,1.013254301,0,0,1,0
0.973394679,0.390655078,0,0,1,0
0.973594719,0.212536354,0,0,1,0
0.973794759,0.681510085,0,0,1,0
0.973260474,0.938108483,0,0,1,0
0.974194839,0.633758244,0,0,1,0
0.974394879,0.343969028,0,0,1,0
0.974594919,0.774828545,0,0,1,0
0.974794959,0.412146027,0,0,1,0
0.974994999,0.158587408,0,0,1,0
0.975195039,0.016607574,0,0,1,0
0.97932261,0.733737313,0,0,1,0
0.975595119,0.410565613,0,0,1,0
0.975795159,0.005774072,0,0,1,0
0.975995199,0.263886335,0,0,1,0
0.976195239,0.567214268,0,0,1,0
0.976395279,0.314836069,0,0,1,0
0.976595319,0.31807414,0,0,1,0
0.976795359,0.238133234,0,0,1,0
0.979845216,0.849330722,0,0,1,0
0.977195439,0.07559526,0,0,1,0
0.977395479,0.2129455,0,0,1,0
0.977595519,0.606863523,0,0,1,0
0.977795559,0.338792934,0,0,1,0
0.977995599,0.257372706,0,0,1,0
0.978195639,0.565253634,0,0,1,0
0.978395679,0.77507292,0,0,1,0
0.978595719,0.063290039,0,0,1,0
0.982377292,0.820121567,0,0,1,0
0.978995799,0.323680388,0,0,1,0
0.979195839,0.720132042,0,0,1,0
0.979395879,0.858094894,0,0,1,0
0.979595919,0.623058735,0,0,1,0
0.979795959,0.72030812,0,0,1,0
0.979995999,0.522249664,0,0,1,0
0.980196039,0.654480427,0,0,1,0
0.980396079,0.257201445,0,0,1,0
0.980596119,0.778051773,0,0,1,0
0.980796159,0.807221942,0,0,1,0
0.980996199,0.167373372,0,0,1,0
0.981196239,0.283959073,0,0,1,0
0.981396279,0.741206295,0,0,1,0
0.981596319,0.111686355,0,0,1,0
0.981796359,0.46581246,0,0,1,0
0.980241061,1.035880458,0,0,1,0
0.982196439,0.473132385,0,0,1,0
0.982396479,0.257450821,0,0,1,0
0.982596519,0.731746509,0,0,1,0
0.982792421,0.890235063,0,0,1,0
0.982996599,0.03499267,0,0,1,0
0.984380385,0.838187335,0,0,1,0
0.983396679,0.34143796,0,0,1,0
0.984604549,0.797255886,0,0,1,0
0.983784342,0.914331378,0,0,1,0
0.983996799,0.523395167,0,0,1,0
0.984196839,0.608101786,0,0,1,0
0.985944993,0.827181102,0,0,1,0
0.984596919,0.356721399,0,0,1,0
0.984796959,0.012276857,0,0,1,0
0.986515447,0.790754907,0,0,1,0
0.985197039,0.668701131,0,0,1,0
0.985397079,0.915760557,0,0,1,0
0.985597119,0.831891311,0,0,1,0
0.985797159,0.838604067,0,0,1,0
0.987641187,0.747801663,0,0,1,0
0.986197239,0.287711058,0,0,1,0
0.986397279,0.502730819,0,0,1,0
0.986597319,0.546293775,0,0,1,0
0.986797359,0.313123911,0,0,1,0
0.986997399,0.323014367,0,0,1,0
0.987197439,0.222120026,0,0,1,0
0.987397479,0.179283388,0,0,1,0
0.98759752,0.079018007,0,0,1,0
0.98779756,0.08681477,0,0,1,0
0.9879976,0.106305179,0,0,1,0
0.98819764,0.58746701,0,0,1,0
0.98839768,0.251251327,0,0,1,0
0.98859772,0.823656996,0,0,1,0
0.98879776,0.771211195,0,0,1,0
0.9889978,0.676753837,0,0,1,0
0.98919784,0.535828511,0,0,1,0
0.98939788,0.805977327,0,0,1,0
0.98959792,0.53813111,0,0,1,0
0.991663014,0.751577877,0,0,1,0
0.991563546,0.798203633,0,0,1,0
0.99019804,0.670250012,0,0,1,0
0.99039808,0.175380168,0,0,1,0
0.99064651,0.888477044,0,0,1,0
0.99079816,0.252116999,0,0,1,0
0.989398365,1.101344449,0,0,1,0
0.99119824,0.269758268,0,0,1,0
0.99139828,0.569150271,0,0,1,0
0.99159832,0.891411973,0,0,1,0
0.99179836,0.278053854,0,0,1,0
0.992036607,0.971004996,0,0,1,0
0.99219844,0.28944141,0,0,1,0
0.99239848,0.393603872,0,0,1,0
0.99259852,0.798280518,0,0,1,0
0.99279856,0.574415108,0,0,1,0
0.994067589,0.762857249,0,0,1,0
0.99319864,0.520805603,0,0,1,0
0.99339868,0.234319692,0,0,1,0
0.99359872,0.133746032,0,0,1,0
0.99379876,0.193211772,0,0,1,0
0.9939988,0.079515268,0,0,1,0
0.99419884,0.62244784,0,0,1,0
0.99439888,0.397190577,0,0,1,0
0.99459892,0.207173904,0,0,1,0
0.993996038,0.958629113,0,0,1,0
0.994999,0.887854952,0,0,1,0
0.99519904,0.652497218,0,0,1,0
0.994718412,1.114914917,0,0,1,0
0.99559912,0.770600732,0,0,1,0
0.99579916,0.514194944,0,0,1,0
0.9959992,0.680018295,0,0,1,0
0.99619924,0.164229399,0,0,1,0
0.99639928,0.905543665,0,0,1,0
0.99659932,0.459192054,0,0,1,0
0.99679936,0.109345219,0,0,1,0
0.9969994,0.395137043,0,0,1,0
0.99719944,0.283135071,0,0,1,0
0.99739948,0.5036487,0,0,1,0
0.99759952,0.0575667,0,0,1,0
0.99779956,0.133286688,0,0,1,0
0.9979996,0.387174692,0,0,1,0
0.99819964,0.78481192,0,0,1,0
0.99839968,0.67306143,0,0,1,0
0.99859972,0.183657848,0,0,1,0
0.99879976,0.231539231,0,0,1,0
0.9989998,0.766304067,0,0,1,0
0.99919984,0.108003792,0,0,1,0
0.999407596,0.865420159,0,0,1,0
0.99959992,0.151385517,0,0,1,0
0.999831963,0.740816534,0,0,1,0
1,0.525557992,0,0,1,0